NEW_TYPE,大类,中类,小类,tag,Wayz-CategoryID
100000,住宿服务,住宿服务相关,住宿服务相关,,10000
100100,住宿服务,宾馆酒店,宾馆酒店,经济连锁,10100
100101,住宿服务,宾馆酒店,奢华酒店,商务酒店,10101
100102,住宿服务,宾馆酒店,五星级宾馆,五星级|商务酒店,10101
100103,住宿服务,宾馆酒店,四星级宾馆,四星级|商务酒店,10102
100104,住宿服务,宾馆酒店,三星级宾馆,三星级|商务酒店,10103
100105,住宿服务,宾馆酒店,经济型连锁酒店,经济连锁,10103
,,,,,10104
100200,住宿服务,旅馆招待所,旅馆招待所,客栈,10105
100201,住宿服务,旅馆招待所,青年旅舍,公寓型,10106
,,,,,10107
120300,商务住宅,住宅区,住宅区,,10200
120301,商务住宅,住宅区,别墅,,10201
120302,商务住宅,住宅区,住宅小区,,10202
120303,商务住宅,住宅区,宿舍,,10203
,,,,,20000
120100,商务住宅,产业园区,产业园区,,20100
120200,商务住宅,楼宇,楼宇相关,,20200
120201,商务住宅,楼宇,商务写字楼,,20201
120203,商务住宅,楼宇,商住两用楼宇,,20202
120202,商务住宅,楼宇,工业大厦建筑物,,20203
170300,公司企业,工厂,工厂,,20500
,,,,,20600
170000,公司企业,公司企业,公司企业,,20700
170100,公司企业,知名企业,知名企业,知名企业,20700
170200,公司企业,公司,公司,,20700
170201,公司企业,公司,广告装饰,,20701
170202,公司企业,公司,建筑公司,,20702
170203,公司企业,公司,医药公司,,20703
170204,公司企业,公司,机械电子,,20704
170205,公司企业,公司,冶金化工,,20705
170206,公司企业,公司,网络科技,,20706
170207,公司企业,公司,商业贸易,,20707
170208,公司企业,公司,电信公司,知名企业,20708
170209,公司企业,公司,矿产公司,,20709
,,,,,20710
160500,金融保险服务,证券公司,证券公司,,20711
160600,金融保险服务,财务公司,财务公司,,20712
170400,公司企业,农林牧渔基地,其它农林牧渔基地,,20800
170401,公司企业,农林牧渔基地,渔场,,20801
170402,公司企业,农林牧渔基地,农场,,20802
170403,公司企业,农林牧渔基地,林场,,20803
170404,公司企业,农林牧渔基地,牧场,,20804
170405,公司企业,农林牧渔基地,家禽养殖基地,,20805
170406,公司企业,农林牧渔基地,蔬菜基地,,20806
170407,公司企业,农林牧渔基地,水果基地,,20807
170408,公司企业,农林牧渔基地,花卉苗圃基地,,20808
50000,餐饮服务,餐饮相关场所,餐饮相关,,30000
50400,餐饮服务,休闲餐饮场所,休闲餐饮场所,,30000
,,,,,30100
50100,餐饮服务,中餐厅,中餐厅,,30101
50101,餐饮服务,中餐厅,综合酒楼,特色菜,30101
50102,餐饮服务,中餐厅,四川菜(川菜),川菜,30101
50103,餐饮服务,中餐厅,广东菜(粤菜),潮粤菜,30101
50104,餐饮服务,中餐厅,山东菜(鲁菜),鲁菜,30101
50105,餐饮服务,中餐厅,江苏菜,江浙菜,30101
50106,餐饮服务,中餐厅,浙江菜,江浙菜,30101
50107,餐饮服务,中餐厅,上海菜,上海菜,30101
50108,餐饮服务,中餐厅,湖南菜(湘菜),湖南菜,30101
50109,餐饮服务,中餐厅,安徽菜(徽菜),徽菜,30101
50110,餐饮服务,中餐厅,福建菜,福建菜,30101
50111,餐饮服务,中餐厅,北京菜,京菜,30101
50112,餐饮服务,中餐厅,湖北菜(鄂菜),湖北菜,30101
50113,餐饮服务,中餐厅,东北菜,东北菜,30101
50114,餐饮服务,中餐厅,云贵菜,云贵菜,30101
50115,餐饮服务,中餐厅,西北菜,西北菜,30101
50116,餐饮服务,中餐厅,老字号,特色菜,30101
50117,餐饮服务,中餐厅,火锅店,特色菜|小资,30101
50118,餐饮服务,中餐厅,特色/地方风味餐厅,特色菜,30101
50119,餐饮服务,中餐厅,海鲜酒楼,特色菜,30101
50120,餐饮服务,中餐厅,中式素菜馆,特色菜,30101
50121,餐饮服务,中餐厅,清真菜馆,清真菜,30101
50122,餐饮服务,中餐厅,台湾菜,台湾菜,30101
50123,餐饮服务,中餐厅,潮州菜,潮粤菜,30101
50200,餐饮服务,外国餐厅,外国餐厅,特色菜,30102
50201,餐饮服务,外国餐厅,西餐厅(综合风味),|特色菜,30102
50202,餐饮服务,外国餐厅,日本料理,日本菜|贵|商务|现代,30102
50203,餐饮服务,外国餐厅,韩国料理,韩国菜|现代,30102
50204,餐饮服务,外国餐厅,法式菜品餐厅,法国菜|贵|商务|现代,30102
50205,餐饮服务,外国餐厅,意式菜品餐厅,意大利菜|贵|商务|现代,30102
50206,餐饮服务,外国餐厅,泰国/越南菜品餐厅,东南亚菜,30102
50207,餐饮服务,外国餐厅,地中海风格菜品,意大利菜|商务|现代,30102
50208,餐饮服务,外国餐厅,美式风味,美式菜|现代,30102
50209,餐饮服务,外国餐厅,印度风味,印度菜|特色菜,30102
50210,餐饮服务,外国餐厅,英国式菜品餐厅,现代|贵,30102
50211,餐饮服务,外国餐厅,牛扒店(扒房),现代|贵,30102
50212,餐饮服务,外国餐厅,俄国菜,俄罗斯菜|商务|现代,30102
50213,餐饮服务,外国餐厅,葡国菜,葡国菜|贵|现代,30102
50214,餐饮服务,外国餐厅,德国菜,创意菜,30102
50215,餐饮服务,外国餐厅,巴西菜,巴西菜|贵|现代,30102
50216,餐饮服务,外国餐厅,墨西哥菜,墨西哥菜|贵|现代,30102
50217,餐饮服务,外国餐厅,其它亚洲菜,东南亚菜,30102
50300,餐饮服务,快餐厅,快餐厅,现代|普通消费,30200
50301,餐饮服务,快餐厅,肯德基,现代|普通消费,30200
50302,餐饮服务,快餐厅,麦当劳,现代|普通消费,30200
50303,餐饮服务,快餐厅,必胜客,现代|普通消费,30200
50304,餐饮服务,快餐厅,永和豆浆,现代|普通消费,30200
50305,餐饮服务,快餐厅,茶餐厅,现代|普通消费,30200
50306,餐饮服务,快餐厅,大家乐,现代|普通消费,30200
50307,餐饮服务,快餐厅,大快活,现代|普通消费,30200
50308,餐饮服务,快餐厅,美心,现代|普通消费,30200
50309,餐饮服务,快餐厅,吉野家,特色菜|普通消费,30200
50310,餐饮服务,快餐厅,仙跡岩,特色菜|普通消费,30200
50311,餐饮服务,快餐厅,呷哺呷哺,特色菜|普通消费,30200
50800,餐饮服务,糕饼店,糕饼店,现代,30300
50900,餐饮服务,甜品店,甜品店,现代,30400
80304,体育休闲服务,娱乐场所,酒吧,现代,30500
50500,餐饮服务,咖啡厅,咖啡厅,现代|小资,30600
50501,餐饮服务,咖啡厅,星巴克咖啡,现代|小资,30600
50502,餐饮服务,咖啡厅,上岛咖啡,现代|小资,30600
50503,餐饮服务,咖啡厅,Pacific Coffee Company,现代|小资,30600
50504,餐饮服务,咖啡厅,巴黎咖啡店,现代|小资,30600
50600,餐饮服务,茶艺馆,茶艺馆,现代,30700
50700,餐饮服务,冷饮店,冷饮店,现代,30800
60000,购物服务,购物相关场所,购物相关场所,,40000
60100,购物服务,商场,商场,,40100
60101,购物服务,商场,购物中心,,40101
60102,购物服务,商场,普通商场,,40101
60600,购物服务,家居建材市场,家居建材市场,家居建材综合,40102
60601,购物服务,家居建材市场,家具建材综合市场,家居建材综合,40102
60602,购物服务,家居建材市场,家具城,家居用品,40102
60603,购物服务,家居建材市场,建材五金市场,建材用品,40102
60604,购物服务,家居建材市场,厨卫市场,厨房用品,40102
60605,购物服务,家居建材市场,布艺市场,纺织用品,40102
60606,购物服务,家居建材市场,灯具瓷器市场,灯具瓷器,40102
60300,购物服务,家电电子卖场,家电电子卖场,家电,40103
60301,购物服务,家电电子卖场,综合家电商场,家电,40103
60302,购物服务,家电电子卖场,国美,专卖店,40103
60303,购物服务,家电电子卖场,大中,专卖店,40103
60304,购物服务,家电电子卖场,苏宁,专卖店,40103
60305,购物服务,家电电子卖场,手机销售,现代,40103
60306,购物服务,家电电子卖场,数码电子,现代,40103
60307,购物服务,家电电子卖场,丰泽,专卖店,40103
60308,购物服务,家电电子卖场,苏宁镭射,专卖店,40103
,,,,,40200
60400,购物服务,超级市场,超市,,40201
60401,购物服务,超级市场,家乐福,精品消费,40201
60402,购物服务,超级市场,沃尔玛,精品消费,40201
60403,购物服务,超级市场,华润,大众消费|仓储式超市,40201
60404,购物服务,超级市场,北京华联,大众消费|仓储式超市,40201
60405,购物服务,超级市场,上海华联,大众消费|仓储式超市,40201
60406,购物服务,超级市场,麦德龙,大众消费|仓储式超市,40201
60407,购物服务,超级市场,乐天玛特,大众消费|仓储式超市,40201
60408,购物服务,超级市场,华堂,大众消费|仓储式超市,40201
60409,购物服务,超级市场,卜蜂莲花,大众消费|仓储式超市,40201
60411,购物服务,超级市场,屈臣氏,精品消费|有WIFI,40201
60413,购物服务,超级市场,惠康超市,大众消费|仓储式超市,40201
60414,购物服务,超级市场,百佳超市,大众消费|仓储式超市,40201
60415,购物服务,超级市场,万宁超市,大众消费|仓储式超市,40201
60200,购物服务,便民商店/便利店,便民商店/便利店,24小时营业|有小食|大众消费|便利超市,40202
60201,购物服务,便民商店/便利店,7-ELEVEn便利店,24小时营业|有小食|大众消费|便利超市,40202
60202,购物服务,便民商店/便利店,OK便利店,24小时营业|有小食|大众消费|便利超市,40202
61100,购物服务,服装鞋帽皮具店,服装鞋帽皮具店,现代,40400
61101,购物服务,服装鞋帽皮具店,品牌服装店,现代,40401
61103,购物服务,服装鞋帽皮具店,品牌皮具店,现代,40402
61104,购物服务,服装鞋帽皮具店,品牌箱包店,现代,40402
61102,购物服务,服装鞋帽皮具店,品牌鞋店,现代,40403
,,,,,40404
60906,购物服务,体育用品店,高尔夫用品店,现代,40405
60907,购物服务,体育用品店,户外用品,现代,40405
61208,购物服务,专卖店,自行车专卖店,专卖店|潮流时尚,40405
60900,购物服务,体育用品店,体育用品店,专卖店|潮流时尚,40406
60901,购物服务,体育用品店,李宁专卖店,专卖店|潮流时尚,40406
60902,购物服务,体育用品店,耐克专卖店,专卖店|潮流时尚,40406
60903,购物服务,体育用品店,阿迪达斯专卖店,专卖店|潮流时尚,40406
60904,购物服务,体育用品店,锐步专卖店,专卖店|潮流时尚,40406
60905,购物服务,体育用品店,彪马专卖店,专卖店|潮流时尚,40406
61210,购物服务,专卖店,烟酒专卖店,专卖店,40407
,,,,,40408
,,,,,40409
61203,购物服务,专卖店,钟表店,专卖店|奢侈,40410
,,,,,40411
61204,购物服务,专卖店,眼镜店,专卖店,40412
61202,购物服务,专卖店,珠宝首饰工艺品,专卖店|奢侈,40413
61400,购物服务,个人用品/化妆品店,其它个人用品店,,40414
61401,购物服务,个人用品/化妆品店,莎莎,平民消费,40414
,,,,,40415
60800,购物服务,文化用品店,文化用品店,专卖店|平民消费,40416
,,,,,40417
61205,购物服务,专卖店,书店,专卖店|平民消费,40418
61206,购物服务,专卖店,音像店,专卖店|普通消费,40418
,,,,,40419
,,,,,40420
,,,,,40421
61207,购物服务,专卖店,儿童用品店,专卖店|普通消费,40422
61209,购物服务,专卖店,礼品饰品店,专卖店|普通消费,40423
61200,购物服务,专卖店,专营店,专卖店,40500
61212,购物服务,专卖店,摄影器材店,专卖店|轻奢,40500
61213,购物服务,专卖店,宝马生活方式,专卖店|轻奢,40500
61214,购物服务,专卖店,土特产专卖店,专卖店|普通消费,40500
61000,购物服务,特色商业街,特色商业街,,40600
61001,购物服务,特色商业街,步行街,,40600
,,,,,40700
60103,购物服务,商场,免税品店,免税店,40800
,,,,,40900
60500,购物服务,花鸟鱼虫市场,花鸟鱼虫市场,大众消费,40901
60501,购物服务,花鸟鱼虫市场,花卉市场,大众消费,40901
60502,购物服务,花鸟鱼虫市场,宠物市场,普通消费,40901
61201,购物服务,专卖店,古玩字画店,专卖店|复古,40902
60703,购物服务,综合市场,农副产品市场,大众消费,40903
60704,购物服务,综合市场,果品市场,大众消费,40903
60705,购物服务,综合市场,蔬菜市场,大众消费,40903
60706,购物服务,综合市场,水产海鲜市场,大众消费,40903
,,,,,40904
60700,购物服务,综合市场,综合市场,大众消费,40905
60701,购物服务,综合市场,小商品市场,大众消费,40905
60702,购物服务,综合市场,旧货市场,大众消费,40905
150000,交通设施服务,交通服务相关,交通服务相关,,50000
150104,交通设施服务,机场相关,飞机场,综合机场,50100
150106,交通设施服务,机场相关,直升机场,直升机场,50100
150102,交通设施服务,机场相关,摆渡车站,摆渡车站,50102
,,,,,50104
150703,交通设施服务,公交车站,机场巴士,,50200
150800,交通设施服务,班车站,班车站,,50200
151100,交通设施服务,出租车,出租车,,50200
150200,交通设施服务,火车站,火车站,,50201
150210,交通设施服务,火车站,货运火车站,,50201
150500,交通设施服务,地铁站,地铁站,,50202
150600,交通设施服务,轻轨站,轻轨站,,50202
150400,交通设施服务,长途汽车站,长途汽车站,,50203
150700,交通设施服务,公交车站,公交车站相关,,50204
150701,交通设施服务,公交车站,旅游专线车站,,50204
150702,交通设施服务,公交车站,普通公交站,,50204
150300,交通设施服务,港口码头,港口码头,,50300
150301,交通设施服务,港口码头,客运港,,50300
150302,交通设施服务,港口码头,车渡口,,50300
150303,交通设施服务,港口码头,人渡口,,50300
150304,交通设施服务,港口码头,货运港口码头,,50300
180300,道路附属设施,服务区,高速服务区,国营,50400
180301,道路附属设施,服务区,高速加油站服务区,国营,50400
180302,道路附属设施,服务区,高速停车区,国营,50400
180200,道路附属设施,收费站,收费站,国营,50500
180201,道路附属设施,收费站,高速收费站,国营,50500
180202,道路附属设施,收费站,国省道收费站,国营,50500
180203,道路附属设施,收费站,桥洞收费站,国营,50500
150501,交通设施服务,地铁站,出入口,,50600
150907,交通设施服务,停车场,停车场入口,,50600
150908,交通设施服务,停车场,停车场出口,,50600
150909,交通设施服务,停车场,停车场出入口,,50600
190304,地名地址信息,交通地名,高速路出口,,50601
190305,地名地址信息,交通地名,高速路入口,,50602
190308,地名地址信息,交通地名,城市快速路出口,,50603
190309,地名地址信息,交通地名,城市快速路入口,,50604
190307,地名地址信息,交通地名,桥,,50700
,,,,,50701
190306,地名地址信息,交通地名,立交桥,,50702
190310,地名地址信息,交通地名,隧道,,50800
150900,交通设施服务,停车场,停车场相关,,50900
150903,交通设施服务,停车场,换乘停车场,,50900
150904,交通设施服务,停车场,公共停车场,,50900
150905,交通设施服务,停车场,专用停车场,,50900
150906,交通设施服务,停车场,路边停车场,,50900
10200,汽车服务,其它能源站,其它能源站,,51000
10100,汽车服务,加油站,加油站,国营,51001
10101,汽车服务,加油站,中国石化,国营,51001
10102,汽车服务,加油站,中国石油,国营,51001
10103,汽车服务,加油站,壳牌,民营,51001
10104,汽车服务,加油站,美孚,民营,51001
10105,汽车服务,加油站,加德士,民营,51001
10107,汽车服务,加油站,东方,民营,51001
10108,汽车服务,加油站,中石油碧辟,国营,51001
10109,汽车服务,加油站,中石化碧辟,国营,51001
10110,汽车服务,加油站,道达尔,民营,51001
10111,汽车服务,加油站,埃索,民营,51001
10112,汽车服务,加油站,中化道达尔,国营,51001
10300,汽车服务,加气站,加气站,国营,51002
11100,汽车服务,充电站,充电站,民营,51003
20000,汽车销售,汽车销售,汽车销售,综合经销,51100
20100,汽车销售,大众特约销售,大众销售,品牌销售,51100
20101,汽车销售,大众特约销售,上海大众销售,品牌销售,51100
20102,汽车销售,大众特约销售,一汽-大众销售,品牌销售,51100
20103,汽车销售,大众特约销售,斯柯达销售,品牌销售,51100
20104,汽车销售,大众特约销售,进口大众销售,品牌销售,51100
20105,汽车销售,大众特约销售,宾利销售,品牌销售,51100
20106,汽车销售,大众特约销售,兰博基尼销售,品牌销售,51100
20200,汽车销售,本田特约销售,本田销售,品牌销售,51100
20201,汽车销售,本田特约销售,广汽本田销售,品牌销售,51100
20202,汽车销售,本田特约销售,东风本田销售,品牌销售,51100
20203,汽车销售,本田特约销售,本田讴歌销售,品牌销售,51100
20300,汽车销售,奥迪特约销售,奥迪销售,品牌销售,51100
20301,汽车销售,奥迪特约销售,一汽-大众奥迪销售,品牌销售,51100
20400,汽车销售,通用特约销售,通用销售,品牌销售,51100
20401,汽车销售,通用特约销售,凯迪拉克销售,品牌销售,51100
20402,汽车销售,通用特约销售,别克销售,品牌销售,51100
20403,汽车销售,通用特约销售,雪佛兰销售,品牌销售,51100
20404,汽车销售,通用特约销售,欧宝销售,品牌销售,51100
20405,汽车销售,通用特约销售,萨博销售,品牌销售,51100
20406,汽车销售,通用特约销售,沃克斯豪尔销售,品牌销售,51100
20407,汽车销售,通用特约销售,土星销售,品牌销售,51100
20408,汽车销售,通用特约销售,大宇销售,品牌销售,51100
20600,汽车销售,宝马特约销售,宝马销售,品牌销售,51100
20601,汽车销售,宝马特约销售,宝马MINI销售,品牌销售,51100
20602,汽车销售,宝马特约销售,劳斯莱斯销售,品牌销售,51100
20700,汽车销售,日产特约销售,日产销售,品牌销售,51100
20701,汽车销售,日产特约销售,东风日产销售,品牌销售,51100
20702,汽车销售,日产特约销售,郑州日产销售,品牌销售,51100
20703,汽车销售,日产特约销售,英菲尼迪销售,品牌销售,51100
20800,汽车销售,雷诺特约销售,雷诺销售,品牌销售,51100
20900,汽车销售,梅赛德斯-奔驰特约销售,梅赛德斯-奔驰销售,品牌销售,51100
20904,汽车销售,梅赛德斯-奔驰特约销售,迈巴赫销售,品牌销售,51100
20905,汽车销售,梅赛德斯-奔驰特约销售,精灵销售,品牌销售,51100
21000,汽车销售,丰田特约销售,丰田销售,品牌销售,51100
21001,汽车销售,丰田特约销售,一汽丰田销售,品牌销售,51100
21002,汽车销售,丰田特约销售,广汽丰田销售,品牌销售,51100
21003,汽车销售,丰田特约销售,雷克萨斯销售,品牌销售,51100
21004,汽车销售,丰田特约销售,大发销售,品牌销售,51100
21100,汽车销售,斯巴鲁特约销售,斯巴鲁销售,品牌销售,51100
21200,汽车销售,标致雪铁龙特约销售,雪铁龙销售,品牌销售,51100
21201,汽车销售,标致雪铁龙特约销售,东风雪铁龙销售,品牌销售,51100
21202,汽车销售,标致雪铁龙特约销售,东风标致销售,品牌销售,51100
21203,汽车销售,标致雪铁龙特约销售,DS销售,品牌销售,51100
21300,汽车销售,三菱特约销售,三菱销售,品牌销售,51100
21301,汽车销售,三菱特约销售,广汽三菱销售,品牌销售,51100
21400,汽车销售,菲亚特约销售,菲亚特销售,品牌销售,51100
21401,汽车销售,菲亚特约销售,阿尔法-罗密欧销售,品牌销售,51100
21500,汽车销售,法拉利特约销售,法拉利销售,品牌销售,51100
21501,汽车销售,法拉利特约销售,玛莎拉蒂销售,品牌销售,51100
21600,汽车销售,现代特约销售,现代销售,品牌销售,51100
21601,汽车销售,现代特约销售,进口现代销售,品牌销售,51100
21602,汽车销售,现代特约销售,北京现代销售,品牌销售,51100
21700,汽车销售,起亚特约销售,起亚销售,品牌销售,51100
21701,汽车销售,起亚特约销售,进口起亚销售,品牌销售,51100
21702,汽车销售,起亚特约销售,东风悦达起亚销售,品牌销售,51100
21800,汽车销售,福特特约销售,福特销售,品牌销售,51100
21802,汽车销售,福特特约销售,马自达销售,品牌销售,51100
21803,汽车销售,福特特约销售,林肯销售,品牌销售,51100
21804,汽车销售,福特特约销售,水星销售,品牌销售,51100
21900,汽车销售,捷豹特约销售,捷豹销售,品牌销售,51100
22000,汽车销售,路虎特约销售,路虎销售,品牌销售,51100
22100,汽车销售,保时捷特约销售,保时捷销售,品牌销售,51100
22200,汽车销售,东风特约销售,东风销售,品牌销售,51100
22300,汽车销售,吉利特约销售,吉利销售,品牌销售,51100
22301,汽车销售,吉利特约销售,沃尔沃汽车销售,品牌销售,51100
22400,汽车销售,奇瑞特约销售,奇瑞销售,品牌销售,51100
22500,汽车销售,克莱斯勒特约销售,克莱斯勒销售,品牌销售,51100
22501,汽车销售,克莱斯勒特约销售,吉普销售,品牌销售,51100
22502,汽车销售,克莱斯勒特约销售,道奇销售,品牌销售,51100
22600,汽车销售,荣威销售,荣威销售,品牌销售,51100
22700,汽车销售,名爵销售,名爵销售,品牌销售,51100
22800,汽车销售,江淮销售,江淮销售,品牌销售,51100
22900,汽车销售,红旗销售,红旗销售,品牌销售,51100
23000,汽车销售,长安汽车销售,长安汽车销售,品牌销售,51100
23100,汽车销售,海马汽车销售,海马汽车销售,品牌销售,51100
23200,汽车销售,北京汽车销售,北京汽车销售,品牌销售,51100
23300,汽车销售,长城汽车销售,长城汽车销售,品牌销售,51100
23301,汽车销售,长城汽车销售,魏派汽车销售,品牌销售,51100
23400,汽车销售,纳智捷销售,纳智捷销售,品牌销售,51100
23500,汽车销售,广汽传祺销售,广汽传祺销售,品牌销售,51100
25000,汽车销售,货车销售,货车销售,品牌销售,51100
25100,汽车销售,东风货车销售,东风货车销售,品牌销售,51100
25200,汽车销售,中国重汽销售,中国重汽销售,品牌销售,51100
25300,汽车销售,一汽解放销售,一汽解放销售,品牌销售,51100
25400,汽车销售,福田卡车销售,福田卡车销售,品牌销售,51100
25500,汽车销售,陕西重汽销售,陕西重汽销售,品牌销售,51100
25600,汽车销售,北奔重汽销售,北奔重汽销售,品牌销售,51100
25700,汽车销售,江淮货车销售,江淮货车销售,品牌销售,51100
25800,汽车销售,华菱星马销售,华菱星马销售,品牌销售,51100
25900,汽车销售,成都大运汽车销售,成都大运汽车销售,品牌销售,51100
26000,汽车销售,梅赛德斯-奔驰卡车销售,梅赛德斯-奔驰卡车销售,品牌销售,51100
26100,汽车销售,德国曼恩销售,德国曼恩销售,品牌销售,51100
26200,汽车销售,斯堪尼亚销售,斯堪尼亚销售,品牌销售,51100
26300,汽车销售,沃尔沃卡车销售,沃尔沃卡车销售,品牌销售,51100
29900,汽车销售,观致销售,观致销售,品牌销售,51100
30000,汽车维修,汽车维修,汽车维修,品牌维修,51200
30100,汽车维修,汽车综合维修,汽车综合维修,品牌维修,51200
30200,汽车维修,大众特约维修,大众维修,品牌维修,51200
30201,汽车维修,大众特约维修,上海大众维修,品牌维修,51200
30202,汽车维修,大众特约维修,一汽-大众维修,品牌维修,51200
30203,汽车维修,大众特约维修,斯柯达维修,品牌维修,51200
30204,汽车维修,大众特约维修,进口大众维修,品牌维修,51200
30205,汽车维修,大众特约维修,宾利维修,品牌维修,51200
30206,汽车维修,大众特约维修,兰博基尼维修,品牌维修,51200
30300,汽车维修,本田特约维修,本田维修,品牌维修,51200
30301,汽车维修,本田特约维修,广汽本田维修,品牌维修,51200
30302,汽车维修,本田特约维修,东风本田维修,品牌维修,51200
30303,汽车维修,本田特约维修,本田讴歌维修,品牌维修,51200
30400,汽车维修,奥迪特约维修,奥迪维修,品牌维修,51200
30401,汽车维修,奥迪特约维修,一汽-大众奥迪维修,品牌维修,51200
30500,汽车维修,通用特约维修,通用维修,品牌维修,51200
30501,汽车维修,通用特约维修,凯迪拉克维修,品牌维修,51200
30502,汽车维修,通用特约维修,别克维修,品牌维修,51200
30503,汽车维修,通用特约维修,雪佛兰维修,品牌维修,51200
30504,汽车维修,通用特约维修,欧宝维修,品牌维修,51200
30505,汽车维修,通用特约维修,萨博维修,品牌维修,51200
30506,汽车维修,通用特约维修,沃克斯豪尔维修,品牌维修,51200
30507,汽车维修,通用特约维修,土星维修,品牌维修,51200
30508,汽车维修,通用特约维修,大宇维修,品牌维修,51200
30700,汽车维修,宝马特约维修,宝马维修,品牌维修,51200
30701,汽车维修,宝马特约维修,宝马MINI维修,品牌维修,51200
30702,汽车维修,宝马特约维修,劳斯莱斯维修,品牌维修,51200
30800,汽车维修,日产特约维修,日产维修,品牌维修,51200
30801,汽车维修,日产特约维修,英菲尼迪维修,品牌维修,51200
30802,汽车维修,日产特约维修,东风日产维修,品牌维修,51200
30803,汽车维修,日产特约维修,郑州日产维修,品牌维修,51200
30900,汽车维修,雷诺特约维修,雷诺维修,品牌维修,51200
31000,汽车维修,梅赛德斯-奔驰特约维修,梅赛德斯-奔驰维修,品牌维修,51200
31004,汽车维修,梅赛德斯-奔驰特约维修,迈巴赫维修,品牌维修,51200
31005,汽车维修,梅赛德斯-奔驰特约维修,精灵维修,品牌维修,51200
31100,汽车维修,丰田特约维修,丰田维修,品牌维修,51200
31101,汽车维修,丰田特约维修,一汽丰田维修,品牌维修,51200
31102,汽车维修,丰田特约维修,广汽丰田维修,品牌维修,51200
31103,汽车维修,丰田特约维修,雷克萨斯维修,品牌维修,51200
31104,汽车维修,丰田特约维修,大发维修,品牌维修,51200
31200,汽车维修,斯巴鲁特约维修,斯巴鲁维修,品牌维修,51200
31300,汽车维修,标致雪铁龙特约维修,雪铁龙维修,品牌维修,51200
31301,汽车维修,标致雪铁龙特约维修,东风标致维修,品牌维修,51200
31302,汽车维修,标致雪铁龙特约维修,东风雪铁龙维修,品牌维修,51200
31303,汽车维修,标致雪铁龙特约维修,DS维修,品牌维修,51200
31400,汽车维修,三菱特约维修,三菱维修,品牌维修,51200
31401,汽车维修,三菱特约维修,广汽三菱维修,品牌维修,51200
31500,汽车维修,菲亚特特约维修,菲亚特维修,品牌维修,51200
31501,汽车维修,菲亚特特约维修,阿尔法-罗密欧维修,品牌维修,51200
31600,汽车维修,法拉利特约维修,法拉利维修,品牌维修,51200
31601,汽车维修,法拉利特约维修,玛莎拉蒂维修,品牌维修,51200
31700,汽车维修,现代特约维修,现代维修,品牌维修,51200
31701,汽车维修,现代特约维修,进口现代维修,品牌维修,51200
31702,汽车维修,现代特约维修,北京现代维修,品牌维修,51200
31800,汽车维修,起亚特约维修,起亚维修,品牌维修,51200
31801,汽车维修,起亚特约维修,进口起亚维修,品牌维修,51200
31802,汽车维修,起亚特约维修,东风悦达起亚维修,品牌维修,51200
31900,汽车维修,福特特约维修,福特维修,品牌维修,51200
31902,汽车维修,福特特约维修,马自达维修,品牌维修,51200
31903,汽车维修,福特特约维修,林肯维修,品牌维修,51200
31904,汽车维修,福特特约维修,水星维修,品牌维修,51200
32000,汽车维修,捷豹特约维修,捷豹维修,品牌维修,51200
32100,汽车维修,路虎特约维修,路虎维修,品牌维修,51200
32200,汽车维修,保时捷特约维修,保时捷维修,品牌维修,51200
32300,汽车维修,东风特约维修,东风维修,品牌维修,51200
32400,汽车维修,吉利特约维修,吉利维修,品牌维修,51200
32401,汽车维修,吉利特约维修,沃尔沃汽车维修,品牌维修,51200
32500,汽车维修,奇瑞特约维修,奇瑞维修,品牌维修,51200
32600,汽车维修,克莱斯勒特约维修,克莱斯勒维修,品牌维修,51200
32601,汽车维修,克莱斯勒特约维修,吉普维修,品牌维修,51200
32602,汽车维修,克莱斯勒特约维修,道奇维修,品牌维修,51200
32700,汽车维修,荣威维修,荣威维修,品牌维修,51200
32800,汽车维修,名爵维修,名爵维修,品牌维修,51200
32900,汽车维修,江淮维修,江淮维修,品牌维修,51200
33000,汽车维修,红旗维修,红旗维修,品牌维修,51200
33100,汽车维修,长安汽车维修,长安汽车维修,品牌维修,51200
33200,汽车维修,海马汽车维修,海马汽车维修,品牌维修,51200
33300,汽车维修,北京汽车维修,北京汽车维修,品牌维修,51200
33400,汽车维修,长城汽车维修,长城汽车维修,品牌维修,51200
33401,汽车维修,长城汽车维修,魏派汽车维修,品牌维修,51200
33500,汽车维修,纳智捷维修,纳智捷维修,品牌维修,51200
33600,汽车维修,广汽传祺维修,广汽传祺维修,品牌维修,51200
35000,汽车维修,货车维修,货车维修,品牌维修,51200
35100,汽车维修,东风货车维修,东风货车维修,品牌维修,51200
35200,汽车维修,中国重汽维修,中国重汽维修,品牌维修,51200
35300,汽车维修,一汽解放维修,一汽解放维修,品牌维修,51200
35400,汽车维修,福田卡车维修,福田卡车维修,品牌维修,51200
35500,汽车维修,陕西重汽维修,陕西重汽维修,品牌维修,51200
35600,汽车维修,北奔重汽维修,北奔重汽维修,品牌维修,51200
35700,汽车维修,江淮货车维修,江淮货车维修,品牌维修,51200
35800,汽车维修,华菱星马维修,华菱星马维修,品牌维修,51200
35900,汽车维修,成都大运汽车维修,成都大运汽车维修,品牌维修,51200
36000,汽车维修,梅赛德斯-奔驰卡车维修,梅赛德斯-奔驰卡车维修,品牌维修,51200
36100,汽车维修,德国曼恩维修,德国曼恩维修,品牌维修,51200
36200,汽车维修,斯堪尼亚维修,斯堪尼亚维修,品牌维修,51200
36300,汽车维修,沃尔沃卡车维修,沃尔沃卡车维修,品牌维修,51200
39900,汽车维修,观致维修,观致维修,品牌维修,51200
10000,汽车服务,汽车服务相关,汽车服务相关,汽车养护,51300
10400,汽车服务,汽车养护/装饰,汽车养护,汽车养护,51300
10401,汽车服务,汽车养护/装饰,加水站,加水站,51300
10700,汽车服务,汽车救援,汽车救援,汽车救援,51300
10800,汽车服务,汽车配件销售,汽车配件销售,汽车配件,51300
10500,汽车服务,洗车场,洗车场,汽车养护,51301
10600,汽车服务,汽车俱乐部,汽车俱乐部,汽车养护,51302
10900,汽车服务,汽车租赁,汽车租赁,租车服务,51303
10901,汽车服务,汽车租赁,汽车租赁还车,租车服务,51303
11000,汽车服务,二手车交易,二手车交易,,51304
,,,,,51305
,,,,,51400
40000,摩托车服务,摩托车服务相关,摩托车服务相关,摩托车服务,51500
40100,摩托车服务,摩托车销售,摩托车销售,摩托车销售,51500
40101,摩托车服务,摩托车销售,宝马摩托车销售,摩托车销售,51500
40200,摩托车服务,摩托车维修,摩托车维修,摩托车维修,51500
40201,摩托车服务,摩托车维修,宝马摩托车维修,摩托车维修,51500
70000,生活服务,生活服务场所,生活服务场所,,60000
160000,金融保险服务,金融保险服务机构,金融保险机构,,60100
160100,金融保险服务,银行,银行,网点|国内银行,60101
160101,金融保险服务,银行,中国人民银行,网点|国内银行,60101
160102,金融保险服务,银行,国家开发银行,网点|国内银行,60101
160103,金融保险服务,银行,中国进出口银行,网点|国内银行,60101
160104,金融保险服务,银行,中国银行,网点|国内银行,60101
160105,金融保险服务,银行,中国工商银行,网点|国内银行,60101
160106,金融保险服务,银行,中国建设银行,网点|国内银行,60101
160107,金融保险服务,银行,中国农业银行,网点|国内银行,60101
160108,金融保险服务,银行,交通银行,网点|国内银行,60101
160109,金融保险服务,银行,招商银行,网点|国内银行,60101
160110,金融保险服务,银行,华夏银行,网点|国内银行,60101
160111,金融保险服务,银行,中信银行,网点|国内银行,60101
160112,金融保险服务,银行,中国民生银行,网点|国内银行,60101
160113,金融保险服务,银行,中国光大银行,网点|国内银行,60101
160114,金融保险服务,银行,上海银行,网点|国内银行,60101
160115,金融保险服务,银行,上海浦东发展银行,网点|国内银行,60101
160117,金融保险服务,银行,平安银行,网点|国内银行,60101
160118,金融保险服务,银行,兴业银行,网点|国内银行,60101
160119,金融保险服务,银行,北京银行,网点|国内银行,60101
160120,金融保险服务,银行,广发银行,网点|国内银行,60101
160121,金融保险服务,银行,农村商业银行,网点|国内银行,60101
160122,金融保险服务,银行,香港恒生银行,网点|国内银行,60101
160123,金融保险服务,银行,东亚银行,网点|国内银行,60101
160124,金融保险服务,银行,花旗银行,网点|国际银行,60101
160125,金融保险服务,银行,渣打银行,网点|国际银行,60101
160126,金融保险服务,银行,汇丰银行,网点|国际银行,60101
160127,金融保险服务,银行,荷兰银行,网点|国际银行,60101
160128,金融保险服务,银行,美国运通银行,网点|国际银行,60101
160129,金融保险服务,银行,瑞士友邦银行,网点|国际银行,60101
160130,金融保险服务,银行,美国银行,网点|国际银行,60101
160131,金融保险服务,银行,蒙特利尔银行,网点|国际银行,60101
160132,金融保险服务,银行,纽约银行,网点|国际银行,60101
160133,金融保险服务,银行,苏格兰皇家银行,网点|国际银行,60101
160134,金融保险服务,银行,法国兴业银行,网点|国际银行,60101
160135,金融保险服务,银行,德意志银行,网点|国际银行,60101
160136,金融保险服务,银行,日本三菱东京日联银行,网点|国际银行,60101
160137,金融保险服务,银行,巴克莱银行,网点|国际银行,60101
160138,金融保险服务,银行,摩根大通银行,网点|国际银行,60101
160139,金融保险服务,银行,中国邮政储蓄银行,网点|国内银行,60101
160140,金融保险服务,银行,香港星展银行,网点|国际银行,60101
160141,金融保险服务,银行,南洋商业银行,网点|国内银行,60101
160142,金融保险服务,银行,上海商业银行,网点|国内银行,60101
160143,金融保险服务,银行,永亨银行,网点|国内银行,60101
160144,金融保险服务,银行,香港永隆银行,网点|国际银行,60101
160145,金融保险服务,银行,创兴银行,网点|国内银行,60101
160146,金融保险服务,银行,大新银行,网点|国内银行,60101
160147,金融保险服务,银行,中信银行(国际),网点|国际银行,60101
160148,金融保险服务,银行,大众银行(香港),网点|国际银行,60101
160149,金融保险服务,银行,北京农商银行,网点|国内银行,60101
160150,金融保险服务,银行,上海农商银行,网点|国内银行,60101
160151,金融保险服务,银行,广州农商银行,网点|国内银行,60101
160152,金融保险服务,银行,深圳农村商业银行,网点|国内银行,60101
160200,金融保险服务,银行相关,银行相关,ATM,60101
160300,金融保险服务,自动提款机,自动提款机,ATM,60101
160301,金融保险服务,自动提款机,中国银行ATM,ATM,60101
160302,金融保险服务,自动提款机,中国工商银行ATM,ATM,60101
160303,金融保险服务,自动提款机,中国建设银行ATM,ATM,60101
160304,金融保险服务,自动提款机,中国农业银行ATM,ATM,60101
160305,金融保险服务,自动提款机,交通银行ATM,ATM,60101
160306,金融保险服务,自动提款机,招商银行ATM,ATM,60101
160307,金融保险服务,自动提款机,华夏银行ATM,ATM,60101
160308,金融保险服务,自动提款机,中信银行ATM,ATM,60101
160309,金融保险服务,自动提款机,中国民生银行ATM,ATM,60101
160310,金融保险服务,自动提款机,中国光大银行ATM,ATM,60101
160311,金融保险服务,自动提款机,上海银行ATM,ATM,60101
160312,金融保险服务,自动提款机,上海浦东发展银行ATM,ATM,60101
160314,金融保险服务,自动提款机,平安银行ATM,ATM,60101
160315,金融保险服务,自动提款机,兴业银行ATM,ATM,60101
160316,金融保险服务,自动提款机,北京银行ATM,ATM,60101
160317,金融保险服务,自动提款机,广发银行ATM,ATM,60101
160318,金融保险服务,自动提款机,农村商业银行ATM,ATM,60101
160319,金融保险服务,自动提款机,香港恒生银行ATM,ATM,60101
160320,金融保险服务,自动提款机,东亚银行ATM,ATM,60101
160321,金融保险服务,自动提款机,花旗银行ATM,ATM,60101
160322,金融保险服务,自动提款机,渣打银行ATM,ATM,60101
160323,金融保险服务,自动提款机,汇丰银行ATM,ATM,60101
160324,金融保险服务,自动提款机,荷兰银行ATM,ATM,60101
160325,金融保险服务,自动提款机,美国运通银行ATM,ATM,60101
160326,金融保险服务,自动提款机,瑞士友邦银行ATM,ATM,60101
160327,金融保险服务,自动提款机,美国银行ATM,ATM,60101
160328,金融保险服务,自动提款机,蒙特利尔银行ATM,ATM,60101
160329,金融保险服务,自动提款机,纽约银行ATM,ATM,60101
160330,金融保险服务,自动提款机,苏格兰皇家银行ATM,ATM,60101
160331,金融保险服务,自动提款机,法国兴业银行ATM,ATM,60101
160332,金融保险服务,自动提款机,德意志银行ATM,ATM,60101
160333,金融保险服务,自动提款机,日本三菱东京日联银行ATM,ATM,60101
160334,金融保险服务,自动提款机,巴克莱银行ATM,ATM,60101
160335,金融保险服务,自动提款机,摩根大通银行ATM,ATM,60101
160336,金融保险服务,自动提款机,中国邮政储蓄银行ATM,ATM,60101
160337,金融保险服务,自动提款机,香港星展银行ATM,ATM,60101
160338,金融保险服务,自动提款机,南洋商业银行ATM,ATM,60101
160339,金融保险服务,自动提款机,上海商业银行ATM,ATM,60101
160340,金融保险服务,自动提款机,永亨银行ATM,ATM,60101
160341,金融保险服务,自动提款机,香港永隆银行ATM,ATM,60101
160342,金融保险服务,自动提款机,创兴银行ATM,ATM,60101
160343,金融保险服务,自动提款机,大新银行ATM,ATM,60101
160344,金融保险服务,自动提款机,中信银行(国际)ATM,ATM,60101
160345,金融保险服务,自动提款机,大众银行(香港)ATM,ATM,60101
160346,金融保险服务,自动提款机,北京农商银行ATM,ATM,60101
160347,金融保险服务,自动提款机,上海农商银行ATM,ATM,60101
160348,金融保险服务,自动提款机,广州农商银行ATM,ATM,60101
160349,金融保险服务,自动提款机,深圳农村商业银行ATM,ATM,60101
160400,金融保险服务,保险公司,保险公司,,60103
160401,金融保险服务,保险公司,中国人民保险公司,,60103
160402,金融保险服务,保险公司,中国人寿保险公司,,60103
160403,金融保险服务,保险公司,中国平安保险公司,,60103
160404,金融保险服务,保险公司,中国再保险公司,,60103
160405,金融保险服务,保险公司,中国太平洋保险,,60103
160406,金融保险服务,保险公司,新华人寿保险公司,,60103
160407,金融保险服务,保险公司,华泰财产保险股份有限公司,,60103
160408,金融保险服务,保险公司,泰康人寿保险公司,,60103
61300,购物服务,特殊买卖场所,特殊买卖场所,,60105
61301,购物服务,特殊买卖场所,拍卖行,拍卖行,60105
61302,购物服务,特殊买卖场所,典当行,典当行,60105
160501,金融保险服务,证券公司,证券营业厅,,60107
70600,生活服务,电讯营业厅,电讯营业厅,通讯营业厅,60200
70601,生活服务,电讯营业厅,中国电信营业厅,电信营业厅,60200
70603,生活服务,电讯营业厅,中国移动营业厅,移动营业厅,60200
70604,生活服务,电讯营业厅,中国联通营业厅,联通营业厅,60200
70605,生活服务,电讯营业厅,中国铁通营业厅,铁通营业厅,60200
70606,生活服务,电讯营业厅,中国卫通营业厅,卫通营业厅,60200
70607,生活服务,电讯营业厅,和记电讯,通讯营业厅,60200
70608,生活服务,电讯营业厅,数码通电讯,通讯营业厅,60200
70609,生活服务,电讯营业厅,电讯盈科,通讯营业厅,60200
70610,生活服务,电讯营业厅,中国移动香港,通讯营业厅,60200
70400,生活服务,邮局,邮局,邮局,60300
70401,生活服务,邮局,邮政速递,邮政速递,60300
,,,,,60400
70500,生活服务,物流速递,物流速递,,60401
70501,生活服务,物流速递,物流仓储场地,,60402
,,,,,60500
70100,生活服务,旅行社,旅行社,,60600
71100,生活服务,美容美发店,美容美发店,,60700
,,,,,60701
,,,,,60702
,,,,,60703
,,,,,60704
,,,,,60800
72000,生活服务,婴儿服务场所,婴儿服务场所,,60900
72001,生活服务,婴儿服务场所,婴儿游泳馆,,60901
,,,,,61000
,,,,,61100
61211,购物服务,专卖店,宠物用品店,综合宠物店,61101
,,,,,61102
70700,生活服务,事务所,事务所,,61200
70701,生活服务,事务所,律师事务所,,61201
70702,生活服务,事务所,会计师事务所,,61202
70703,生活服务,事务所,评估事务所,,61203
70704,生活服务,事务所,审计事务所,,61204
70705,生活服务,事务所,认证事务所,,61205
70706,生活服务,事务所,专利事务所,,61206
,,,,,61300
70200,生活服务,信息咨询中心,信息咨询中心,,61400
70201,生活服务,信息咨询中心,服务中心,,61401
70202,生活服务,信息咨询中心,旅馆问讯,,61402
70203,生活服务,信息咨询中心,行李查询/行李问询,,61403
70300,生活服务,售票处,售票处,,61500
70301,生活服务,售票处,飞机票代售点,,61501
70302,生活服务,售票处,火车票代售点,,61502
70304,生活服务,售票处,船票代售点,,61503
70303,生活服务,售票处,长途汽车票代售点,,61504
70305,生活服务,售票处,公交卡/月票代售点,,61505
70306,生活服务,售票处,公园景点售票处,,61506
70800,生活服务,人才市场,人才市场,,61700
,,,,,61800
70900,生活服务,自来水营业厅,自来水营业厅,,61801
71000,生活服务,电力营业厅,电力营业厅,,61802
71200,生活服务,维修站点,维修站点,,61900
,,,,,61901
,,,,,61902
,,,,,61903
,,,,,61904
71500,生活服务,洗衣店,洗衣店,,62000
,,,,,62100
71300,生活服务,摄影冲印店,摄影冲印,,62200
71700,生活服务,搬家公司,搬家公司,,62300
71800,生活服务,彩票彩券销售点,彩票彩券销售点,,62400
71801,生活服务,彩票彩券销售点,马会投注站,,62400
71900,生活服务,丧葬设施,丧葬设施,,62500
71901,生活服务,丧葬设施,陵园,,62501
71902,生活服务,丧葬设施,公墓,,62502
71903,生活服务,丧葬设施,殡仪馆,,62503
,,,,,62600
80000,体育休闲服务,体育休闲服务场所,体育休闲服务场所,,70000
80100,体育休闲服务,运动场馆,运动场所,球类运动,70100
80101,体育休闲服务,运动场馆,综合体育馆,球类运动,70100
80102,体育休闲服务,运动场馆,保龄球馆,保龄球|室内,70101
80103,体育休闲服务,运动场馆,网球场,网球|户外,70101
80104,体育休闲服务,运动场馆,篮球场馆,篮球,70101
80105,体育休闲服务,运动场馆,足球场,足球,70101
80112,体育休闲服务,运动场馆,乒乓球馆,乒乓球|室内,70101
80113,体育休闲服务,运动场馆,台球厅,台球|室内,70101
80114,体育休闲服务,运动场馆,壁球场,壁球|室内,70101
80117,体育休闲服务,运动场馆,橄榄球场,球类运动,70101
80118,体育休闲服务,运动场馆,羽毛球场,羽毛球|户外,70101
80110,体育休闲服务,运动场馆,游泳馆,游泳|室内,70102
80106,体育休闲服务,运动场馆,滑雪场,滑雪|户外,70103
80107,体育休闲服务,运动场馆,溜冰场,溜冰|室内,70103
80115,体育休闲服务,运动场馆,马术俱乐部,马术|户外,70103
80116,体育休闲服务,运动场馆,赛马场,马术,70103
80119,体育休闲服务,运动场馆,跆拳道场馆,,70104
,,,,,70112
,,,,,70113
,,,,,70117
,,,,,70118
80108,体育休闲服务,运动场馆,户外健身场所,户外健身|户外,70200
80111,体育休闲服务,运动场馆,健身中心,健身房,70200
80200,体育休闲服务,高尔夫相关,高尔夫相关,高尔夫|室内,70300
80201,体育休闲服务,高尔夫相关,高尔夫球场,高尔夫球场,70300
80202,体育休闲服务,高尔夫相关,高尔夫练习场,高尔夫练习场,70300
80400,体育休闲服务,度假疗养场所,度假疗养场所,适合老年人,70400
80401,体育休闲服务,度假疗养场所,度假村,适合老年人,70400
80402,体育休闲服务,度假疗养场所,疗养院,适合老年人,70400
80500,体育休闲服务,休闲场所,休闲场所,适合老年人,70400
80501,体育休闲服务,休闲场所,游乐场,亲子|朋友聚会,70401
80502,体育休闲服务,休闲场所,垂钓园,垂钓|亲子|朋友聚会|户外,70402
80503,体育休闲服务,休闲场所,采摘园,采摘|亲子|朋友聚会|农家项目,70403
80504,体育休闲服务,休闲场所,露营地,露营|亲子|农家项目,70404
80109,体育休闲服务,运动场馆,海滨浴场,水上项目|亲子|朋友聚会,70405
80505,体育休闲服务,休闲场所,水上活动中心,水上项目|亲子|朋友聚会,70405
80300,体育休闲服务,娱乐场所,娱乐场所,室内|朋友聚会,70500
80301,体育休闲服务,娱乐场所,夜总会,室内|朋友聚会,70501
80302,体育休闲服务,娱乐场所,KTV,室内|朋友聚会,70502
80303,体育休闲服务,娱乐场所,迪厅,室内|朋友聚会,70503
,,,,,70504
80305,体育休闲服务,娱乐场所,游戏厅,室内|朋友聚会,70505
80306,体育休闲服务,娱乐场所,棋牌室,室内|朋友聚会,70506
80307,体育休闲服务,娱乐场所,博彩中心,,70507
80308,体育休闲服务,娱乐场所,网吧,室内|朋友聚会,70508
,,,,,70509
80600,体育休闲服务,影剧院,影剧院相关,室内|朋友聚会,70600
80601,体育休闲服务,影剧院,电影院,室内|朋友聚会,70601
,,,,,70602
80602,体育休闲服务,影剧院,音乐厅,室内|朋友聚会,70603
80603,体育休闲服务,影剧院,剧场,室内|朋友聚会,70604
110000,风景名胜,风景名胜相关,旅游景点,户外|亲子,70700
110200,风景名胜,风景名胜,风景名胜,户外|亲子,70700
,,,,,70701
,,,,,70702
190600,地名地址信息,标志性建筑物,标志性建筑物,自然景观,70703
,,,,,70704
110100,风景名胜,公园广场,公园广场,自然景观,70705
110101,风景名胜,公园广场,公园,自然景观,70705
110106,风景名胜,公园广场,公园内部设施,,70705
110102,风景名胜,公园广场,动物园,现代景观,70706
110103,风景名胜,公园广场,植物园,现代景观,70707
110104,风景名胜,公园广场,水族馆,现代景观,70708
110105,风景名胜,公园广场,城市广场,现代景观,70709
110204,风景名胜,风景名胜,纪念馆,人文景观,70710
110201,风景名胜,风景名胜,世界遗产,世界级景区,70711
110202,风景名胜,风景名胜,国家级景点,国家级景区,70712
110203,风景名胜,风景名胜,省级景点,省级景区,70712
110205,风景名胜,风景名胜,寺庙道观,人文景观|历史景观,70713
110206,风景名胜,风景名胜,教堂,人文景观|历史景观,70714
110207,风景名胜,风景名胜,回教寺,人文景观,70715
110208,风景名胜,风景名胜,海滩,自然景观,70716
110209,风景名胜,风景名胜,观景点,自然景观,70717
,,,,,70800
71400,生活服务,洗浴推拿场所,洗浴推拿场所,,70900
140000,科教文化服务,科教文化场所,科教文化场所,,80000
141200,科教文化服务,学校,学校,公办,80100
141207,科教文化服务,学校,学校内部设施,学校设施,80100
141201,科教文化服务,学校,高等院校,公办,80101
141202,科教文化服务,学校,中学,公办|普通初高中,80102
141203,科教文化服务,学校,小学,公办,80103
141204,科教文化服务,学校,幼儿园,公办|普通教学,80104
141205,科教文化服务,学校,成人教育,公办|成人院校,80105
,,,,,80106
141206,科教文化服务,学校,职业技术学校,职业院校,80107
141300,科教文化服务,科研机构,科研机构,,80200
141400,科教文化服务,培训机构,培训机构,,80300
141500,科教文化服务,驾校,驾校,,80400
141000,科教文化服务,文艺团体,文艺团体,,80500
141100,科教文化服务,传媒机构,传媒机构,,80600
141101,科教文化服务,传媒机构,电视台,,80600
141102,科教文化服务,传媒机构,电台,,80600
141103,科教文化服务,传媒机构,报社,,80600
141104,科教文化服务,传媒机构,杂志社,,80600
141105,科教文化服务,传媒机构,出版社,,80600
140100,科教文化服务,博物馆,博物馆,自然科学博览,80700
140101,科教文化服务,博物馆,奥迪博物馆,自然科学博览,80700
140102,科教文化服务,博物馆,梅赛德斯-奔驰博物馆,自然科学博览,80700
140200,科教文化服务,展览馆,展览馆,,80800
140201,科教文化服务,展览馆,室内展位,,80800
140300,科教文化服务,会展中心,会展中心,,80900
140400,科教文化服务,美术馆,美术馆,艺术博览,81000
140500,科教文化服务,图书馆,图书馆,,81100
140600,科教文化服务,科技馆,科技馆,自然科学博览,81200
140700,科教文化服务,天文馆,天文馆,自然科学博览,81300
140800,科教文化服务,文化宫,文化宫,,81400
140900,科教文化服务,档案馆,档案馆,,81500
90000,医疗保健服务,医疗保健服务场所,医疗保健服务场所,,90000
90100,医疗保健服务,综合医院,综合医院,综合医院,90100
90101,医疗保健服务,综合医院,三级甲等医院,三甲|综合医院,90100
90102,医疗保健服务,综合医院,卫生院,基层卫生,90100
90200,医疗保健服务,专科医院,专科医院,,90200
90201,医疗保健服务,专科医院,整形美容,,90201
90202,医疗保健服务,专科医院,口腔医院,,90202
90203,医疗保健服务,专科医院,眼科医院,,90203
90204,医疗保健服务,专科医院,耳鼻喉医院,,90204
90205,医疗保健服务,专科医院,胸科医院,,90205
90206,医疗保健服务,专科医院,骨科医院,,90206
90207,医疗保健服务,专科医院,肿瘤医院,,90207
90208,医疗保健服务,专科医院,脑科医院,,90208
90209,医疗保健服务,专科医院,妇科医院,,90209
,,,,,90210
,,,,,90211
,,,,,90212
90210,医疗保健服务,专科医院,精神病医院,,90213
90211,医疗保健服务,专科医院,传染病医院,,90214
90400,医疗保健服务,急救中心,急救中心,,90300
90300,医疗保健服务,诊所,诊所,基层卫生,90400
90500,医疗保健服务,疾病预防机构,疾病预防,基层卫生,90500
90600,医疗保健服务,医药保健销售店,医药保健相关,医疗保健,90600
90601,医疗保健服务,医药保健销售店,药房,药房,90600
90602,医疗保健服务,医药保健销售店,医疗保健用品,医疗用品,90600
,,,,,90700
,,,,,90800
,,,,,90900
,,,,,91000
90700,医疗保健服务,动物医疗场所,动物医疗场所,,91100
90701,医疗保健服务,动物医疗场所,宠物诊所,,91101
90702,医疗保健服务,动物医疗场所,兽医站,,91102
,,,,,91103
130000,政府机构及社会团体,政府及社会团体相关,政府及社会团体相关,,100000
130100,政府机构及社会团体,政府机关,政府机关相关,,100100
130107,政府机构及社会团体,政府机关,外地政府办,,100100
130101,政府机构及社会团体,政府机关,国家级机关及事业单位,,100101
130102,政府机构及社会团体,政府机关,省直辖市级政府及事业单位,,100102
130103,政府机构及社会团体,政府机关,地市级政府及事业单位,,100103
130104,政府机构及社会团体,政府机关,区县级政府及事业单位,,100104
130105,政府机构及社会团体,政府机关,乡镇级政府及事业单位,,100105
130106,政府机构及社会团体,政府机关,乡镇以下级政府及事业单位,,100106
130200,政府机构及社会团体,外国机构,外国机构相关,,100200
130201,政府机构及社会团体,外国机构,外国使领馆,,100201
130202,政府机构及社会团体,外国机构,国际组织办事处,,100202
130300,政府机构及社会团体,民主党派,民主党派,,100300
130400,政府机构及社会团体,社会团体,社会团体相关,,100300
130401,政府机构及社会团体,社会团体,共青团,,100300
130402,政府机构及社会团体,社会团体,少先队,,100300
130403,政府机构及社会团体,社会团体,妇联,,100300
130404,政府机构及社会团体,社会团体,残联,,100300
130405,政府机构及社会团体,社会团体,红十字会,,100300
130406,政府机构及社会团体,社会团体,消费者协会,,100300
130407,政府机构及社会团体,社会团体,行业协会,,100300
130408,政府机构及社会团体,社会团体,慈善机构,,100300
130409,政府机构及社会团体,社会团体,教会,,100300
,,,,,100301
,,,,,100302
,,,,,100303
,,,,,100304
,,,,,100305
130500,政府机构及社会团体,公检法机构,公检法机关,,100400
130501,政府机构及社会团体,公检法机构,公安警察,,100401
130502,政府机构及社会团体,公检法机构,检察院,,100402
130503,政府机构及社会团体,公检法机构,法院,,100403
,,,,,100404
,,,,,100405
130504,政府机构及社会团体,公检法机构,消防机关,,100406
130505,政府机构及社会团体,公检法机构,公证鉴定机构,,100407
130600,政府机构及社会团体,交通车辆管理,交通车辆管理相关,,100500
130601,政府机构及社会团体,交通车辆管理,交通管理机构,,100500
130602,政府机构及社会团体,交通车辆管理,车辆管理机构,,100500
130603,政府机构及社会团体,交通车辆管理,验车场,,100500
130604,政府机构及社会团体,交通车辆管理,交通执法站,,100500
130605,政府机构及社会团体,交通车辆管理,车辆通行证办理处,,100500
130606,政府机构及社会团体,交通车辆管理,货车相关检查站,,100500
130701,政府机构及社会团体,工商税务机构,工商部门,,100600
,,,,,100700
130702,政府机构及社会团体,工商税务机构,国税机关,,100701
130703,政府机构及社会团体,工商税务机构,地税机关,,100702
,,,,,100800
200000,公共设施,公共设施,公共设施,,110000
200400,公共设施,紧急避难场所,紧急避难场所,,110000
200100,公共设施,报刊亭,报刊亭,,110100
200300,公共设施,公共厕所,公共厕所,,110200
200301,公共设施,公共厕所,男洗手间,,110201
200302,公共设施,公共厕所,女洗手间,,110202
200303,公共设施,公共厕所,残障洗手间/无障碍洗手间,,110203
200200,公共设施,公用电话,公用电话,,110300
200304,公共设施,公共厕所,婴儿换洗间/哺乳室/母婴室,,110400
,,,,,110500
