allen,113.8011,22.80102,老凤祥(万科广场店),广东省东莞市长青南路1号万科广场1层,0769-26623583 ,,地址东城万达广场,Rachel,东莞市,tencent:19M11:50100004|12392726403167913436,老凤祥,328.45,
allen,113.8011,22.80833,老凤祥银楼,广东省东莞市长安镇长青南路253号天长地久楼下,,,无电话 无法查询,吴梦婷,东莞市,tencent:19M11:50100004|231499739729641457,老凤祥,6.36,
allen,113.801,22.80845,老凤祥银楼,长安镇长青南路253号天长地久楼下,,,,,东莞市,amap:19M11:50100004|B0FFIMU6CJ,老凤祥,2376.98,
allen,113.8224,22.8089,老凤祥(万达广场),长安镇东门中路1号万达广场1F层,,,,,东莞市,amap:19M11:50100004|B0FFJCN4HF,老凤祥,11.63,
allen,113.8225,22.80893,老凤祥(万达广场),广东省东莞市长安镇东门中路1号万达广场(长安店)F1,,,地址已改店,吴梦婷,东莞市,tencent:19M11:50100004|11418913890375533705,老凤祥,562.9,
allen,113.8176,22.81208,老凤祥(万达店),东门中路万达广场1号门1058号,0769--81606826,Y,,吴梦婷,东莞市,dianping:19M11:50100004|111038530,老凤祥,14900.78,0769--81606826
allen,113.684,22.83356,老凤祥(万达广场),连升北路388号万达广场1F层1009,,,,,东莞市,amap:19M11:50100004|B0FFHMLK41,老凤祥,3.57,
allen,113.6841,22.83356,老凤祥银楼(万达广场店),广东省东莞市虎门镇连升北路388号虎门万达广场F1,,N,无法查询,吴梦婷,东莞市,tencent:19M11:50100004|2640548949612459374,老凤祥,656.46,
allen,113.6783,22.83698,老凤祥(虎门万达店),连升北路388号万达广场1楼1号门直入,0769--88022671,Y,,吴梦婷,东莞市,dianping:19M11:50100004|76755390,老凤祥,1935.08,0769--88022671
allen,113.6682,22.87215,老凤祥东莞珠宝首饰有限公司,广东省东莞市白濠深溪路16号,,N,无法查询,吴梦婷,东莞市,tencent:19M11:50100004|10878156127283549098,老凤祥,596.65,
allen,113.6629,22.87501,老凤祥东莞珠宝首饰有限公司,白濠深溪路16,,,,吴梦婷,东莞市,dianping:19M11:50100004|122261576,老凤祥,4619.98,
allen,113.7016,22.9127,老凤祥(东莞)珠宝镶嵌首饰有限公司,厚街镇科技大道1号金诺产业园3A栋,,,,,东莞市,amap:19M11:50100004|B0FFIC5ZGV,老凤祥,57.94,0769-82582683
allen,113.7014,22.91387,老凤祥(东莞)珠宝镶嵌首饰有限公司,广东省东莞市厚街镇科技大道1号金诺产业园3A栋,,N,无法查询,吴梦婷,东莞市,tencent:19M11:50100004|1715503111000775360,老凤祥,4122.71,
allen,113.665,22.93118,东莞厚街专卖店,广东省东莞市厚街镇珊美社区康乐南路3号,13682431251,N,电话人不清楚店，查不到,吴梦婷,东莞市,office:19M11:50100004|690,老凤祥,89.93,
allen,113.6642,22.93128,老凤祥银楼(汉邦66广场店),广东省东莞市兴隆路66号汉邦66广场1层,,,无电话,吴梦婷,东莞市,tencent:19M11:50100004|6983718337711900729,老凤祥,7.26,
allen,113.6642,22.93137,厚街专卖二店,广东省东莞市厚街镇康乐南路88号,13682431251,N,电话人不清楚店，查不到,吴梦婷,东莞市,office:19M11:50100004|691,老凤祥,388.36,
allen,113.6674,22.93506,老凤祥银楼(康乐南路店),康乐南路3号,,,,,东莞市,amap:19M11:50100004|B0FFHS866R,老凤祥,4.7,0769-81211337
allen,113.6674,22.9351,老凤祥银楼(康乐南路店),广东省东莞市康乐南路,,,,,东莞市,tencent:19M11:50100004|16564211613160052340,老凤祥,1019.58,
allen,113.6583,22.93592,老凤祥(汉邦66广场店),兴隆路66号汉邦66广场1层,,,,,东莞市,dianping:19M11:50100004|111552174,老凤祥,20453.86,
allen,113.8415,22.90317,老凤祥银楼,大岭山镇凯东中央街J115-116号,,,,,东莞市,amap:19M11:50100004|B0FFHFBMQW,老凤祥,6.13,
allen,113.8416,22.90326,老凤祥银楼,广东省东莞市大岭山教育路12号1016,,N,无电话 查不到,吴梦婷,东莞市,tencent:19M11:50100004|4154197696458129292,老凤祥,569.72,
allen,113.8366,22.9062,老凤祥银楼,大岭山镇凯东中央街J115-116号,,,,,东莞市,dianping:19M11:50100004|99581341,老凤祥,18239.73,
allen,113.6734,22.9423,老凤祥(万达广场),莞太路与体育路交汇处万达广场1F层1071,,,,,东莞市,amap:19M11:50100004|B0FFGBTZD5,老凤祥,7.67,
allen,113.6734,22.94243,老凤祥银楼,广东省东莞市厚街镇康乐北路6号万达广场F1,,N,,吴梦婷,东莞市,tencent:19M11:50100004|9735483079057023531,老凤祥,544.6,
allen,113.6687,22.94565,老凤祥(厚街万达店),体育路8号厚街万达广场1层,4000908610-299908,N,大众点评有 电话无法查询,吴梦婷,东莞市,dianping:19M11:50100004|125972326,老凤祥,31035.1,4000908610-299908
allen,113.9475,22.95489,老凤祥银楼,广东省东莞市朗东路1号远大广场永旺首层,,N,无电话 查不到,吴梦婷,东莞市,tencent:19M11:50100004|13081318911213398488,老凤祥,12.41,
allen,113.9476,22.95484,老凤祥,大朗镇朗东路远大城市广场一楼,,,,,东莞市,amap:19M11:50100004|B0FFIQC5QL,老凤祥,571.1,
allen,113.9426,22.95766,老凤祥,朗东路远大城市广场一楼,13632716108,N,前电话为总店运营 无电话 大众点评有,吴梦婷,东莞市,dianping:19M11:50100004|109024550,老凤祥,21060.72,13632716108
allen,113.754,22.99502,老凤祥(时代城店),南城宏伟路1号时代城F1,,,,,东莞市,amap:19M11:50100004|B0FFL8F8X9,老凤祥,8.69,
allen,113.7541,22.99502,老凤祥(时代城店),广东省东莞市宏伟路1号彩怡百货(南城店)F1,,N,无查询结果,吴梦婷,东莞市,tencent:19M11:50100004|1132525651583048718,老凤祥,26850.6,
allen,113.9951,22.97429,老凤祥银楼(常平店),市场路1号百花时代广场1层,,,,,东莞市,amap:19M11:50100004|B03018MZFO,老凤祥,4.95,0769-82608211
allen,113.9951,22.97437,老凤祥(百花时代广场店),广东省东莞市市场路1号百花时代广场1层,,,,,东莞市,tencent:19M11:50100004|12161575797165562394,老凤祥,577.21,
allen,113.99,22.97709,老凤祥(百花时代广场店),市场路1号百花时代广场1层,"
0769--82871757",,宏利路31号 电话,吴梦婷,东莞市,dianping:19M11:50100004|48363926,老凤祥,11922.67,0769--82871757
allen,113.8831,22.98873,老凤祥银楼(红荔路店),寮步镇红荔路31号,,,,,东莞市,amap:19M11:50100004|B0FFFE8QYB,老凤祥,5.64,0769-82871757
allen,113.8831,22.98881,老凤祥(寮步店),广东省东莞市红荔路,,,,,东莞市,tencent:19M11:50100004|14124715185796400603,老凤祥,570.31,
allen,113.8781,22.99168,老凤祥,寮步镇红荔路31号,0769--82871757,Y,,吴梦婷,东莞市,dianping:19M11:50100004|101740911,老凤祥,31536.3,0769--82871757
allen,114.1429,22.74443,老凤祥银楼,广东省东莞市永盛大街18正西方向42米,,,,吴梦婷,东莞市,tencent:19M11:50100004|4799144063301794651,老凤祥,549.12,
allen,114.1381,22.74718,老凤祥(凤岗专卖店),光华一巷与晨光路交叉口西50米,,,无电话,吴梦婷,东莞市,dianping:19M11:50100004|126449066,老凤祥,4937.84,
allen,114.1019,22.80985,老凤祥银楼(塘新街专卖店),塘厦镇塘新街43号,,,,,东莞市,amap:19M11:50100004|B0FFIMZJDZ,老凤祥,18.74,
allen,114.1018,22.80998,老凤祥银楼(塘新街专卖店),广东省东莞市塘新路45号,13431153272,,,,东莞市,tencent:19M11:50100004|2552046796293948443,老凤祥,549.66,
allen,114.0969,22.81251,老凤祥银楼塘新街专卖店(塘新街专卖店),塘新路45号,,,无电话,吴梦婷,东莞市,dianping:19M11:50100004|108569596,老凤祥,625.16,
allen,114.1011,22.82172,老凤祥银楼(盈锋购物广场东),塘厦沃尔玛一楼,,,,,东莞市,amap:19M11:50100004|B0FFH9TPBL,老凤祥,3.38,
allen,114.1011,22.82174,老凤祥银楼(盈锋购物广场东),广东省东莞市塘厦大道中79号盈锋莲湖广场首层,,,,,东莞市,tencent:19M11:50100004|7136606707344214679,老凤祥,591.99,
allen,114.0959,22.82436,老凤祥银楼,塘厦沃尔玛一楼,,,无电话,吴梦婷,东莞市,dianping:19M11:50100004|103177114,老凤祥,7775.43,
allen,114.1655,22.8393,老凤祥银楼(富业商业城店),广东省东莞市清溪镇香芒东路富业商业城63号,,,,,东莞市,tencent:19M11:50100004|2313378931413929002,老凤祥,21.83,
allen,114.1653,22.83945,老凤祥银楼清溪专卖店,清溪镇香芒东路富业商业城63号,,,,,东莞市,amap:19M11:50100004|B0FFJAU3UV,老凤祥,556.91,
allen,114.1604,22.84207,老凤祥银楼,清溪镇香芒东路富业商业城63号,,,,吴梦婷,东莞市,dianping:19M11:50100004|125860865,老凤祥,10665.36,
allen,114.0681,22.90448,老凤祥银楼(樟木头店),樟木头镇永宁街20号(天河百货对面),,,无电话,吴梦婷,东莞市,amap:19M11:50100004|B0FFHI9BMS,老凤祥,5.04,
allen,114.0681,22.90446,老凤祥银楼(樟木头店),广东省东莞市永宁街22号,,,,,东莞市,tencent:19M11:50100004|15543564766932068066,老凤祥,7382.35,
allen,114.0019,22.91456,老凤祥,教育路,,,未找到,吴梦婷,东莞市,dianping:19M11:50100004|1278240434,老凤祥,6783.76,
allen,114.0628,22.90709,老凤祥银楼,永宁街20号,,,,,东莞市,dianping:19M11:50100004|99959804,老凤祥,36126.83,
allen,113.7413,23.01726,老凤祥(海雅百货店),鸿福西路曼哈顿时代83号海雅百货1层,,,,,东莞市,amap:19M11:50100004|B0FFHW5SO9,老凤祥,8.85,
allen,113.7414,23.01743,老凤祥(海雅百货店),广东省东莞市鸿福西路曼哈顿时代83号海雅百货(南城店)F1,,,未找到,吴梦婷,东莞市,tencent:19M11:50100004|5895887375405928781,老凤祥,354.63,
allen,113.7445,23.01564,老凤祥(莱蒙店),广东省东莞市鸿福路88号,,,,,东莞市,tencent:19M11:50100004|1945383681603836882,老凤祥,1.55,
allen,113.7445,23.01566,老凤祥银楼(莱蒙店),鸿福路88号莱蒙商业中心102室,,,,,东莞市,amap:19M11:50100004|B0FFKWKT5N,老凤祥,2,0769-28330714  19928192405
allen,113.7445,23.01566,老凤祥银楼(莱蒙店),广东省东莞市莱蒙商业中心102室,,,,,东莞市,tencent:19M11:50100004|1433290224474947140,老凤祥,590.09,
allen,113.7393,23.01847,老凤祥,鸿福路88号,,,,吴梦婷,东莞市,dianping:19M11:50100004|684546448,老凤祥,287.79,
allen,113.7368,23.01984,老凤祥,东莞大道东国贸城一层,,,,,东莞市,dianping:19M11:50100004|127050829,老凤祥,48.84,
allen,113.7364,23.02006,老凤祥(海雅百货店),鸿福西路海雅百货一楼,"
0769--22242659",,,吴梦婷,东莞市,dianping:19M11:50100004|90276288,老凤祥,2917.81,0769--22242659
allen,113.7623,23.01137,老凤祥银楼,广东省东莞市鸿福东路1号民盈国贸城1层L1-040,,,,,东莞市,tencent:19M11:50100004|2020737717497758667,老凤祥,71.59,
allen,113.7619,23.01253,老凤祥,鸿福东路1号民盈国贸中心一楼,,,,,东莞市,amap:19M11:50100004|B0FFK67EFE,老凤祥,589.86,
allen,113.7567,23.01525,老凤祥,鸿福东路1号民盈国贸中心1040号,0769--22176676,,,吴梦婷,东莞市,dianping:19M11:50100004|127542054,老凤祥,2377.56,0769--22176676
allen,113.777,23.03145,老凤祥(世博广场店),广东省东莞市东城大道283号世博广场a区海雅百货(东城店)F1,,,,,东莞市,tencent:19M11:50100004|8306330984167202429,老凤祥,3.48,
allen,113.777,23.03151,老凤祥(海雅百货店),广东省东莞市东城大道283号世博广场a区海雅百货(东城店)F1,,,,,东莞市,tencent:19M11:50100004|10621474713513236536,老凤祥,612.3,
allen,113.7716,23.03439,老凤祥(海雅百货店),东城路283号世博广场A区海雅百货1楼,0769--83066221,Y,,吴梦婷,东莞市,dianping:19M11:50100004|128671688,老凤祥,950.72,0769--83066221
allen,113.7802,23.03518,老凤祥(万达广场),东纵路苏宁易购广场1层,,,,,东莞市,amap:19M11:50100004|B0FFH8WC3A,老凤祥,9.34,0769-26623583
allen,113.7803,23.03526,老凤祥,广东省东莞市东城街道东纵路208号万达广场(东城店)F1,,,,,东莞市,tencent:19M11:50100004|8404573852138091544,老凤祥,550.25,
allen,113.7754,23.03776,老凤祥(东城万达店),东纵路208号东城万达百货1层,4006285885,,,吴梦婷,东莞市,dianping:19M11:50100004|58385868,老凤祥,10941.22,4006285885
allen,113.8728,23.07024,老凤祥银楼茶山专卖店,茶山镇怡华中路9号,,,未找到,吴梦婷,东莞市,amap:19M11:50100004|B0FFKM27E9,老凤祥,36.65,
allen,113.8731,23.0705,老凤祥银楼(茶山店),广东省东莞市茶山大道南12号,,,,,东莞市,tencent:19M11:50100004|4290080572334723191,老凤祥,591.73,
allen,113.8679,23.07308,老凤祥银楼(茶山专卖店),怡华中路7号,,,未找到,吴梦婷,东莞市,dianping:19M11:50100004|130786374,老凤祥,#######,
allen,115.9835,39.70223,老凤祥(华冠天地城关店),北京市房山区房山西大街2号15幢1层24号华冠天地(城关店)F1,,,未找到,乔磊,北京市,tencent:19M11:50100004|8992585596168497276,老凤祥,8552.36,
allen,116.0574,39.65416,老鳳祥金店,房山区窦店万科幸福汇,,,未找到,乔磊,北京市,dianping:19M11:50100004|1633458834,老凤祥,9070.11,
allen,116.1381,39.67924,老凤祥,城关西大街2号,010--81368131,,,乔磊,北京市,dianping:19M11:50100004|83557261,老凤祥,695.77,010--81368131
allen,116.1443,39.68058,老凤祥,北京市房山区城关西大街2号,,,,,北京市,tencent:19M11:50100004|10572767515266951480,老凤祥,2515.54,
allen,116.1366,39.72881,老凤祥(国泰百货店),国泰百货良乡店2层,010--80119417,,,乔磊,北京市,dianping:19M11:50100004|21882803,老凤祥,445.27,010--80119417
allen,116.1333,39.73388,老凤祥(华冠购物中心店),北关西路14号华冠购物中心1楼,4000908610-297772,,,乔磊,北京市,dianping:19M11:50100004|4119082,老凤祥,1078.83,4000908610-297772
allen,116.1429,39.73015,老凤祥(国泰百货良乡店),良乡拱辰南大街6号国泰百货(良乡店)F2层,,,,,北京市,amap:19M11:50100004|B0FFF4NCQH,老凤祥,33.7,010-80119417
allen,116.1427,39.73065,老凤祥(国泰百货店),北京市房山区拱辰南大街6号国泰百货1层,010-80119417,,,乔磊,北京市,tencent:19M11:50100004|1084447792437611981,老凤祥,411.52,电话：010-80119417
allen,116.1396,39.73523,老凤祥,北京市房山区北关西路14号华冠购物中心F1,,,,,北京市,tencent:19M11:50100004|4201561711776302974,老凤祥,26.43,
allen,116.1398,39.73506,老凤祥(华冠购物中心),北关西路14号华冠购物中心F1层,,,4000908610-297772,乔磊,北京市,amap:19M11:50100004|B0FFHLQU5O,老凤祥,20.17,
allen,116.1396,39.7353,老凤祥(华冠购物中心),北京市房山区良乡北关西路14号华冠购物中心F1,,,4000908610-297772,乔磊,北京市,tencent:19M11:50100004|9481598868575936625,老凤祥,858.63,
allen,116.1331,39.74454,老凤祥珠宝(龙湖房山天街店),管委路龙湖天街地下一层,010--56860252,,,乔磊,北京市,dianping:19M11:50100004|127429164,老凤祥,727.83,010--56860252
allen,116.1396,39.74561,老凤祥珠宝(龙湖房山天街店),龙湖天街地下一层,,,,,北京市,amap:19M11:50100004|B0FFJMELQ1,老凤祥,200.74,010-56860252
allen,116.1414,39.74581,老凤祥,北京市房山区管委路,010-56860252,,,乔磊,北京市,tencent:19M11:50100004|78481016275016637,老凤祥,19444.22,电话：010-56860252
allen,116.3129,39.67099,老凤祥,天宫院凯德MALL,010--56817338,,,乔磊,北京市,dianping:19M11:50100004|129073215,老凤祥,676.05,010--56817338
allen,116.319,39.6723,老凤祥银楼,华佗路与新源大街交叉口西100米凯德商场一楼,,,,,北京市,amap:19M11:50100004|B0FFKYLPFG,老凤祥,15.93,
allen,116.3189,39.67249,老凤祥银楼,北京市大兴区新源大街与思邈路交叉口西北侧北京凯德MALL天宫院店F1,,,,乔磊,北京市,tencent:19M11:50100004|16663060611870518106,老凤祥,855.81,
allen,116.3141,39.68605,老凤祥(龙湖大兴天街店),永兴路七号院龙湖大兴天街1层,18311122080,通过,,乔磊,北京市,dianping:19M11:50100004|67332326,老凤祥,680.69,
allen,116.3202,39.68733,老凤祥(北京龙湖大兴天街),永兴路7号院1号楼北京龙湖大兴天街F1层,,,,,北京市,amap:19M11:50100004|B0FFHD662N,老凤祥,1.53,18311122080
allen,116.3202,39.68735,老凤祥(北京龙湖大兴天街),北京市大兴区永兴路7号院1号楼龙湖天街(大兴店)F1,18311122080,,,,北京市,tencent:19M11:50100004|16168597063101840741,老凤祥,2710.27,电话：18311122080
allen,116.3359,39.72916,老凤祥银楼(火神庙商业中心店),东大街38号院火神庙国际商业中心F座1层,010--69299999,,,乔磊,北京市,dianping:19M11:50100004|83400161,老凤祥,1260.92,010--69299999
allen,116.3252,39.73707,老凤祥(百联清城购物中心店),兴华大街27号百联清城购物中心1层南门,18513761315,通过,,乔磊,北京市,dianping:19M11:50100004|95038092,老凤祥,726.9,18513761315
allen,116.3317,39.73822,老凤祥(百联清城购物中心店),兴华大街27号百联清城购物中心1层,,,,,北京市,amap:19M11:50100004|B0FFFOB4TQ,老凤祥,48.17,18513761315
allen,116.3313,39.7383,老凤祥(百联清城购物中心店),北京市大兴区兴华大街三段27号百联清城购物中心F1,18513761315,,,,北京市,tencent:19M11:50100004|8371501304284420254,老凤祥,19672.77,电话：18513761315
allen,116.1547,39.75508,老凤祥(绿地缤纷城店),天星街1号院绿地缤纷城1层,010--53240099,,,乔磊,北京市,dianping:19M11:50100004|21882704,老凤祥,703.65,010--53240099
allen,116.161,39.75645,老凤祥(绿地缤纷城),天星街1号院7号楼绿地缤纷城F1层,,,,,北京市,amap:19M11:50100004|B0FFFRIMPR,老凤祥,2.16,
allen,116.161,39.75646,老凤祥(绿地缤纷城店),北京市房山区天星街1号院7号楼黄辛庄路口东南角绿地缤纷城(房山店)F1,,,,,北京市,tencent:19M11:50100004|6122860116028889733,老凤祥,2808.34,
allen,116.1861,39.76313,老凤祥银楼,北京市房山区规划一路,,,未找到,乔磊,北京市,tencent:19M11:50100004|44297033414208111,老凤祥,2303.06,
Nix,116.2067,39.76175,老凤祥(京投港店),长政南街1号院1号楼京投港长阳购物中心2层,010-60349822,,,乔磊,北京市,dianping:19M11:50100004|98713602,老凤祥,647.22,010--60349822
Nix,116.2125,39.76272,老凤祥银楼(京投港店),北京市房山区长阳镇长政南街1号院1号楼(长阳地铁)京投港长阳购物中心F2,010-60349822,,,,北京市,tencent:19M11:50100004|14551636517362577487,老凤祥,91.29,电话：010-60349822
Nix,116.2133,39.76338,老凤祥(京投港店),长政南街1号院1号楼京投港长阳购物中心2层,,,,,北京市,amap:19M11:50100004|B0FFJXFOZR,老凤祥,7534.1,
Nix,116.1485,39.80736,老凤祥(恒源商厦店),南宫商业街3号恒源商厦1层,,,未找到,乔磊,北京市,dianping:19M11:50100004|74666912,老凤祥,717.43,
Nix,116.1549,39.80868,老凤祥(福宫路),王佐镇福宫路3号恒源商厦F1,,,,,北京市,amap:19M11:50100004|B0FFG7KP9R,老凤祥,14.99,
Nix,116.1548,39.80892,老凤祥(福宫路),北京市丰台区南宫商业街3号恒源商厦F1,,,,,北京市,tencent:19M11:50100004|231960603501047564,老凤祥,19783.91,
Nix,116.331,39.75636,老凤祥(大兴华堂店),康庄路10号华堂商场1楼,010--80256195,,,乔磊,北京市,dianping:19M11:50100004|8961172,老凤祥,686.14,010--80256195
Nix,116.3371,39.75768,老凤祥(大兴华堂店),北京市大兴区康庄路26号水晶港生活广场1层,,,010--80256195,乔磊,北京市,tencent:19M11:50100004|17287342303538734590,老凤祥,1103.37,
Nix,116.3275,39.7632,老凤祥(绿地缤纷城店),金星西路3号绿地缤纷城东岸1层,010--80256195,,,乔磊,北京市,dianping:19M11:50100004|59158938,老凤祥,688.73,010--80256195
Nix,116.3337,39.7644,老凤祥(绿地缤纷城北区),黄村镇金星西路3号绿地缤纷城F1层1F-12,,,未找到,乔磊,北京市,amap:19M11:50100004|B0FFJPZCFU,老凤祥,2.05,
Nix,116.3337,39.76442,老凤祥(绿地缤纷城北区),北京市大兴区黄村镇金星西路3号绿地缤纷城(大兴店)F1,,,,,北京市,tencent:19M11:50100004|10923359222180340595,老凤祥,1259.41,
Nix,116.3338,39.78992,老凤祥(鸿坤购物中心店),欣旺北大街8号鸿坤购物中心1层,,,,,北京市,dianping:19M11:50100004|92566843,老凤祥,677.92,18311201848
Nix,116.3398,39.79176,老凤祥,欣旺北大街鸿坤广场购物中心,,,未找到,乔磊,北京市,amap:19M11:50100004|B0FFHQOY1O,老凤祥,31.86,
Nix,116.3401,39.79207,老凤祥,北京市大兴区西红门欣旺北街8号鸿坤广场F1,,,,,北京市,tencent:19M11:50100004|902623666376476055,老凤祥,8623.45,
Nix,116.4174,39.80127,老凤祥银楼(万源广场店),万源北路与万源路交叉口万源广场1层,,,无电话,乔磊,北京市,dianping:19M11:50100004|82720819,老凤祥,4002.19,
Nix,116.4533,39.80421,老凤祥(住总万科广场店),旧宫东西大街住总万科广场1层,,,15150589215,乔磊,北京市,dianping:19M11:50100004|65688787,老凤祥,629.6,15150589215
Nix,116.459,39.80543,老凤祥(北京住总万科广场),旧宫地铁站旁北京住总万科广场F1层L1015B,,,,,北京市,amap:19M11:50100004|B0FFGZLLM0,老凤祥,8.05,
Nix,116.459,39.80544,老凤祥,北京市大兴区旧宫地铁站旁住总万科广场L1,,,,,北京市,tencent:19M11:50100004|8707761817854437415,老凤祥,20081.32,
Nix,116.2792,39.83671,老凤祥(资和信百货店),西四环南路1号资和信百货商场1层,,,,,北京市,dianping:19M11:50100004|50668829,老凤祥,663.67,010--83208888
Nix,116.2851,39.83784,老凤祥(资和信百货店),西四环南路1号(看丹桥南侧)资和信百货F1层,,,,,北京市,amap:19M11:50100004|B0FFHU6BFD,老凤祥,26.94,
Nix,116.2854,39.83783,老凤祥(资和信百货店),北京市丰台区西四环南路1号(看丹桥南侧)资和信百货1层,010-83208888,通过,010-83208308,乔磊,北京市,tencent:19M11:50100004|563657549783218288,老凤祥,8639.28,电话：010-83208888
Nix,116.3622,39.81263,老凤祥(万达广场店),南苑西路39号万达广场百货1层,,,无电话,乔磊,北京市,dianping:19M11:50100004|92540682,老凤祥,690.58,
Nix,116.3684,39.81359,老凤祥,北京市丰台区南苑西路39号槐房万达广场F1,,,,,北京市,tencent:19M11:50100004|2397185054746669036,老凤祥,10.39,
Nix,116.3683,39.81362,老凤祥(万达广场),南苑西路39号万达广场1F层集1-39、集1-50,,,,,北京市,amap:19M11:50100004|B0FFHW7WX3,老凤祥,67.97,
Nix,116.3688,39.81424,老凤祥,北京市丰台区南苑西路39号槐房万达广场F1,,,,,北京市,tencent:19M11:50100004|9315897219978394796,老凤祥,1116.26,
Nix,116.3632,39.83292,老凤祥(华联店),城南嘉园14号华联公益西桥购物中心1层,,,010--58310780,乔磊,北京市,dianping:19M11:50100004|23746342,老凤祥,691.8,010--58310780
Nix,116.3694,39.83409,老凤祥(华联店),北京市丰台区成南嘉园益城园14号楼华联商厦(公益西桥店)F1,13910923320,,,,北京市,tencent:19M11:50100004|17941434248670029888,老凤祥,10.73,电话：13910923320
Nix,116.3694,39.8343,老凤祥(BHG Mall北京华联公益西桥购物中心店),城南嘉园14号BHG Mall北京华联公益西桥购物中心1层,,,,,北京市,amap:19M11:50100004|B0FFJKRJ0J,老凤祥,8245.03,
Nix,116.296,39.85713,老凤祥(亿潼隆丰益购物店),丰管路甲3号亿潼隆丰益购物中心南座1层,,,,乔磊,北京市,dianping:19M11:50100004|16826606,老凤祥,699.41,010--63857579
Nix,116.3023,39.85827,老凤祥银楼,北京市丰台区丰管路甲3号亿潼隆丰益购物中心南座1层,,,,,北京市,tencent:19M11:50100004|5510701626170505724,老凤祥,1481.7,
Nix,116.2904,39.87182,老凤祥(亿潼隆万丰店),万丰路305号亿潼隆万丰购物中心1层,,,无电话,乔磊,北京市,dianping:19M11:50100004|92792589,老凤祥,650.92,
Nix,116.2962,39.87316,老凤祥(亿潼隆万丰店),北京市丰台区万丰路305号亿潼隆万丰购物中心F1,,,,,北京市,tencent:19M11:50100004|2130270506824870659,老凤祥,6.87,
Nix,116.2963,39.87313,老凤祥(亿潼隆万丰购物中心),万丰路305号亿潼隆万丰购物中心1F层,,,,,北京市,amap:19M11:50100004|B0FFH1YGVT,老凤祥,8.05,
Nix,116.2962,39.87322,老凤祥,北京市丰台区万丰路305号亿潼隆万丰购物中心F1,,,,,北京市,tencent:19M11:50100004|623444180695947705,老凤祥,5981.66,
Nix,116.3496,39.85929,老凤祥(万达广场店),玉林西路145号万达广场1层,,,无电话,乔磊,北京市,dianping:19M11:50100004|98151820,老凤祥,655.17,
Nix,116.3554,39.86082,老凤祥(万达广场),西铁营中路1号万达广场F1层1003,,,未找到,乔磊,北京市,amap:19M11:50100004|B0FFIPHA7Z,老凤祥,9.69,
Nix,116.3555,39.86082,老凤祥(万达广场店),北京市丰台区西铁营中路1号万达广场(西铁营店)F1,,,,,北京市,tencent:19M11:50100004|8952321779992596044,老凤祥,6944.03,
Nix,116.4148,39.81729,老凤祥(世界之花假日广场店),北京市大兴区久敬庄路,,,18612661335,乔磊,北京市,dianping:19M11:50100004|125139523,老凤祥,907.38,18612661335
Nix,116.4229,39.81917,老凤祥银楼(世界之花店),北京市大兴区久敬庄路,,,,,北京市,tencent:19M11:50100004|17361740637983386108,老凤祥,32.17,
Nix,116.4232,39.81916,老凤祥,旧宫镇世界之花假日广场EF-B-30,,,,,北京市,amap:19M11:50100004|B0FFK7V5FL,老凤祥,5063.13,
Nix,116.379,39.84316,老凤祥(银泰百货大红门店),马家堡东路101号院10号楼银泰百货1层,,,无电话,乔磊,北京市,dianping:19M11:50100004|5573052,老凤祥,7874.77,
Nix,116.4485,39.81291,老凤祥,小红门路39号,,,未找到,乔磊,北京市,dianping:19M11:50100004|128975221,老凤祥,687.97,13241977578
Nix,116.4546,39.81387,老凤祥,北京市大兴区宣颐路,,,,,北京市,tencent:19M11:50100004|11872524066665233949,老凤祥,18.99,
Nix,116.4546,39.81425,老凤祥,小红门路39号,,,未找到,王迪,北京市,amap:19M11:50100004|B0FFKPHVZG,老凤祥,7872.83,
Nix,116.3852,39.84467,老凤祥(银泰百货大红门店),马家堡东路101号银泰百货1层,,,无电话,王迪,北京市,amap:19M11:50100004|B000ABBY9O,老凤祥,12.63,
Nix,116.3853,39.84461,老凤祥(银泰百货店),北京市丰台区马家堡东路101号银泰百货(大红门店)F1,,,,,北京市,tencent:19M11:50100004|6668225434875977842,老凤祥,890.35,
Nix,116.3919,39.85491,老鳳祥,合生广场1层,,,未找到,王迪,北京市,dianping:19M11:50100004|131653663,老凤祥,365.38,
Nix,116.3951,39.85427,老凤祥银楼(北京木樨园专卖店),南木樨园84号1层1-11号,,,,,北京市,dianping:19M11:50100004|49896421,老凤祥,536.6,010--67356835
Nix,116.3907,39.85859,老凤祥,百荣二期商城,,,未找到,王迪,北京市,dianping:19M11:50100004|131964298,老凤祥,1187.6,
Nix,116.4013,39.8558,老凤祥银楼(木樨园专卖店),北京市丰台区南木樨园84号1层1-11号,010-67356835,,,,北京市,tencent:19M11:50100004|2318945730156611269,老凤祥,8.1,电话：010-67356835
Nix,116.4014,39.85568,老凤祥银楼北京木樨园专卖店,丰台区南木樨园84号方仕国际黄金珠宝城,010-67356835；87277161,,,王迪,北京市,office:19M11:50100004|1573122325529,老凤祥,2394.78,
Nix,116.4226,39.8641,老凤祥(方庄购物中心店),蒲芳路24号方庄购物中心2层,,,无电话,王迪,北京市,dianping:19M11:50100004|93329804,老凤祥,734.31,
Nix,116.4291,39.86414,老凤祥(时代Life店),芳星园二区6号楼时代Life购物中心1层,,,无电话,王迪,北京市,dianping:19M11:50100004|5629430,老凤祥,64.02,
Nix,116.4291,39.86543,老凤祥(方庄蒲芳璐店),北京市丰台区蒲方路24号北京方庄购物中心F2,,,,,北京市,tencent:19M11:50100004|12948401071427216682,老凤祥,16.48,
Nix,116.4292,39.86547,老凤祥(北京方庄购物中心),蒲方路24号北京方庄购物中心F2层,,,,,北京市,amap:19M11:50100004|B0FFHWFTYI,老凤祥,680.17,
Nix,116.4354,39.86552,老凤祥(时代Life店),蒲方路芳星园二区6号楼时代life1层,,,无电话,王迪,北京市,amap:19M11:50100004|B0FFIXPKGG,老凤祥,5.73,
Nix,116.4354,39.8656,老凤祥(时代Life店),北京市丰台区蒲芳路芳星园二区6号楼时代Life购物中心1层,,,,,北京市,tencent:19M11:50100004|18402423979571667285,老凤祥,757.33,
Nix,116.4406,39.85578,老凤祥(新业广场店),成寿寺路2号新业广场1层,010-67662764,,,王迪,北京市,dianping:19M11:50100004|23430253,老凤祥,700.1,010--67662764
Nix,116.4469,39.85735,老凤祥(新业广场),北京市丰台区成寿寺路甲2号新业广场F1,010-67662764,,,,北京市,tencent:19M11:50100004|9363915059859335647,老凤祥,23.05,电话：010-67662764
Nix,116.4471,39.85734,老凤祥(新业广场),成寿寺路甲2号新业广场F1层A106,,,,,北京市,amap:19M11:50100004|B0FFFEO72T,老凤祥,1275.07,
Nix,116.4577,39.86692,老凤祥银楼(十里河专卖店),北京市朝阳区左安路1号十里河文化园A座,,,未找到,王迪,北京市,tencent:19M11:50100004|11078274519067507991,老凤祥,4028.97,
Nix,116.4938,39.87196,老凤祥,紫南家园207号楼1-3层107号,,,未找到,王迪,北京市,dianping:19M11:50100004|48787247,老凤祥,690.29,010--67329371
Nix,116.5,39.87326,老凤祥银楼(金蝉西路),北京市朝阳区紫南家园207号楼1-3层107号,,,,,北京市,tencent:19M11:50100004|15153662181520824461,老凤祥,43413.94,
Nix,116.1103,39.91086,老凤祥(PLUS365购物中心),北京市门头沟区冯石环路6号院3号楼门头沟Plus365购物中心F1,,,,,北京市,tencent:19M11:50100004|5398181534534137920,老凤祥,22.72,
Nix,116.1105,39.91108,老凤祥(PLUS365购物中心),冯石环路冯村PLUS365购物中心1层,,,未找到,王迪,北京市,amap:19M11:50100004|B0FFG8GUHL,老凤祥,1212.76,
Nix,116.1067,39.93427,老凤祥银楼,双峪路35号院西贸国际物美大卖场一楼,,,未找到,王迪,北京市,dianping:19M11:50100004|103226156,老凤祥,706.46,010--61807038
Nix,116.113,39.93566,老凤祥银楼(双峪店),双峪路35号院西贸国际物美大卖场一楼,,,,,北京市,amap:19M11:50100004|B0FFH13SJD,老凤祥,6.24,
Nix,116.113,39.93567,鸳鸯金楼珠宝(旗舰店),北京市门头沟区双峪路35号院1熙旺中心A座1层,010-61807038,,,,北京市,tencent:19M11:50100004|11887565155953281193,老凤祥,14958.83,
Nix,116.2458,39.88933,老凤祥(久隆百货店),小屯路兆丰园3区1号久隆百货1层,,,010--64349788,王迪,北京市,dianping:19M11:50100004|9949365,老凤祥,3038.85,010--64349788
Nix,116.2194,39.90501,老凤祥(万达百货店),石景山路乙18号万达百货1层,,,无电话,王迪,北京市,dianping:19M11:50100004|24845322,老凤祥,6046.89,
Nix,116.1656,39.92153,老凤祥(喜隆多购物中心店),阜石路300号喜隆多购物中心1层,,,010--68800681,王迪,北京市,dianping:19M11:50100004|22144350,老凤祥,684.16,010--68800681
Nix,116.1717,39.9227,老凤祥(喜隆多新国际购物中心),阜石路300号喜隆多新国际购物中心F1层,,,,,北京市,amap:19M11:50100004|B0FFFRY5TF,老凤祥,0,
Nix,116.1717,39.9227,老凤祥(喜隆多购物中心店),北京市石景山区阜石路300号喜隆多新国际购物中心F1层,010-68800681,,,,北京市,tencent:19M11:50100004|123635866850302500,老凤祥,6049.41,电话：010-68800681
Nix,116.2256,39.90679,老凤祥(万达百货店),北京市石景山区石景山路乙18号石景山万达广场F1,,,,,北京市,tencent:19M11:50100004|17378180355034296923,老凤祥,2.36,
Nix,116.2255,39.90683,老凤祥(万达广场),石景山路乙18号万达广场1F层,,,未找到,王迪,北京市,amap:19M11:50100004|B0FFFPGYEJ,老凤祥,4087.16,
Nix,116.1897,39.92429,老凤祥(当代商城店),阜石路165号当代商城1层,,,无电话,王迪,北京市,dianping:19M11:50100004|76884157,老凤祥,740.15,电话：15810609283
Nix,116.1963,39.92559,老凤祥(当代商城店),北京市石景山区阜石路165号当代商城(鼎城店)F1,,,,,北京市,tencent:19M11:50100004|11286549498557192058,老凤祥,11332.91,
Nix,116.0946,39.93854,老凤祥(国泰百货门头沟店),新桥大街57号国泰百货1层,,,无电话,王迪,北京市,dianping:19M11:50100004|93330212,老凤祥,726.18,
Nix,116.1011,39.93984,老凤祥(国泰百货门头沟店),新桥大街49-2号国泰百货1层,,,,,北京市,amap:19M11:50100004|B000A9PPZT,老凤祥,46.28,
Nix,116.1007,39.94005,老凤祥(国泰百货门头沟店),北京市门头沟区新桥大街57号国泰百货(门头沟店)F1,,,,,北京市,tencent:19M11:50100004|1462240737834315057,老凤祥,546.54,
Nix,116.0962,39.94433,老凤祥,北京市门头沟区桥西街,,,未找到,王迪,北京市,tencent:19M11:50100004|13307489169858180472,老凤祥,17534.8,
Nix,116.2519,39.89044,老凤祥(久隆百货店),北京市丰台区小屯路兆丰园3区1号楼久隆百货(青塔店)F1,,,010--64349788,王迪,北京市,tencent:19M11:50100004|2540062735380641600,老凤祥,4310.29,
Nix,116.2904,39.88094,老凤祥,丰台区六里桥银座和谐广场1层,,,未找到,王迪,北京市,dianping:19M11:50100004|613540930,老凤祥,739.6,
Nix,116.297,39.8824,老凤祥,北京市丰台区万丰路68号银座商城(银座和谐广场店)F1,,,,,北京市,tencent:19M11:50100004|4801159848090610466,老凤祥,4341.07,
Nix,116.2592,39.904,老凤祥(西点mall店),永定路88号西点mall购物中心1层,,,010--57536603,王迪,北京市,dianping:19M11:50100004|94044595,老凤祥,692.26,010--57536603
Nix,116.2654,39.90483,老凤祥银楼(西点茂店),北京市海淀区永定路88号西点百货F1,,,,,北京市,tencent:19M11:50100004|2061308109382785934,老凤祥,53.11,
Nix,116.265,39.90522,老凤祥(西点mall店),永定路88号西点mall购物中心1层,,,,,北京市,amap:19M11:50100004|B0FFI0NHNO,老凤祥,7152.57,
Nix,116.3287,39.88629,老鳳祥,马连道东街16号,,,未找到,王迪,北京市,dianping:19M11:50100004|129773990,老凤祥,687.38,
Nix,116.3348,39.88762,老凤祥,北京市西城区马连道东街16号,,,,,北京市,tencent:19M11:50100004|2626381033454122872,老凤祥,25.26,
Nix,116.335,39.88737,老凤祥(天虹百货店),广安门外大街168号天虹百货1层,,,18301210593,王迪,北京市,dianping:19M11:50100004|114857721,老凤祥,723.3,18301210593
Nix,116.3415,39.88866,老凤祥银楼(天虹商场店),广安门外大街168号朗琴国际大厦天虹商场一层,,,,,北京市,amap:19M11:50100004|B0FFK9BY4F,老凤祥,1.12,
Nix,116.3415,39.88866,老凤祥(天虹百货店),北京市西城区广安门外大街168号天虹(宣武门店)F1,,,,,北京市,tencent:19M11:50100004|7825509603772277001,老凤祥,5053.83,
Nix,116.2968,39.90714,老凤祥(翠微百货店),复兴路33号翠微百货1层,,,无电话,王迪,北京市,dianping:19M11:50100004|95038798,老凤祥,497.78,
Nix,116.3013,39.90749,老凤祥(北京城乡贸易中心店),复兴路甲23号北京城乡贸易中心4层,,,无电话,王迪,北京市,dianping:19M11:50100004|4548258,老凤祥,171.04,
Nix,116.3028,39.90836,老凤祥(翠微百货店),北京市海淀区复兴路33号翠微百货F1,,,,,北京市,tencent:19M11:50100004|10925098086818393537,老凤祥,13.95,
Nix,116.3029,39.90841,老凤祥(翠微百货翠微店A座),复兴路29-33号翠微百货翠微店A座1F层,,,,,北京市,amap:19M11:50100004|B0FFHZRX34,老凤祥,508.96,
Nix,116.3075,39.90872,老凤祥(城乡贸易中心),复兴路甲23号城乡贸易中心F4层,,,,,北京市,amap:19M11:50100004|B000AA9Z02,老凤祥,82.71,
Nix,116.3082,39.90898,老凤祥(城乡购物中心),复兴路甲23号城乡购物中心F1层,,,,,北京市,amap:19M11:50100004|B0FFKB03C4,老凤祥,10.83,
Nix,116.3081,39.90903,老凤祥(城乡华懋商场店),北京市海淀区复兴路甲23号北京城乡华懋商厦F1,,,,,北京市,tencent:19M11:50100004|16090897593552308839,老凤祥,483.1,
Nix,116.3041,39.91238,老凤祥,北京市海淀区翠微路12号凯德MALL(翠微路店)F1,,,未找到,王迪,北京市,tencent:19M11:50100004|5084470943505993206,老凤祥,4606.91,
,116.3454,39.90786,老凤祥,北京市西城区复兴门外大街15号长安商场1层,,,未找到,王迪,北京市,tencent:19M11:50100004|13778950451190327587,老凤祥,2396.42,
,116.3669,39.90816,老凤祥(君太百货店),西单北大街133号君太百货1层,,,无电话,王迪,北京市,dianping:19M11:50100004|93958672,老凤祥,245.23,
,116.3691,39.90802,老凤祥(汉光百货店),西单北大街176号汉光百货1层,,,010--66563132,王迪,北京市,dianping:19M11:50100004|76692078,老凤祥,491.49,010--66563132
,116.3735,39.90949,老凤祥(北京君太百货),西单北大街133号北京君太百货F1层,,,,,北京市,amap:19M11:50100004|B0FFFEO72S,老凤祥,7.16,
,116.3735,39.90954,老凤祥(君太百货店),北京市西城区西单北大街133号君太百货F1,,,,,北京市,tencent:19M11:50100004|18181429132059300735,老凤祥,571.96,
,116.3684,39.91081,老凤祥(西单商场店),西单北大街120号西单商场南区1层,,,010-66563132,王迪,北京市,dianping:19M11:50100004|3166987,老凤祥,715.12,010--66563132
,116.3749,39.91118,老凤祥,北京市西城区西单北大街120号西单商场F1,,,,,北京市,tencent:19M11:50100004|11796892750978459484,老凤祥,19.09,
,116.3747,39.91126,老凤祥(西单商场店),北京市西城区西单北大街132号西单购物中心F1,010-66563132,,,王迪,北京市,tencent:19M11:50100004|17255664510099551608,老凤祥,57.65,电话：010-66563132
,116.3743,39.91193,老凤祥银楼,西长安街道西单北大街130华威大厦1层,,,未找到,王迪,北京市,amap:19M11:50100004|B0FFIBOESE,老凤祥,42.77,
,116.3746,39.91222,老凤祥(西单大悦城店),西单北大街120号西单商场(西单北大街店)南区F1层,,,,,北京市,amap:19M11:50100004|B000A83TJB,老凤祥,5296.57,
,116.3275,39.92614,老凤祥(甘家口百货店),三里河路17号甘家口百货1层,,,无电话,王迪,北京市,dianping:19M11:50100004|6175755,老凤祥,649.49,
,116.3333,39.92718,老凤祥(甘家口百货),北京市海淀区三里河路17号甘家口百货(三里河店)F1,,,,,北京市,tencent:19M11:50100004|11155161466096192969,老凤祥,5.64,
,116.3332,39.92728,老凤祥(甘家口百货),三里河路17号甘家口百货F1层,,,,,北京市,amap:19M11:50100004|B0FFI6OFM9,老凤祥,9473.2,
,116.4173,39.8977,老凤祥(新世界百货·崇文店综合馆),北京市东城区崇文门外大街3号新世界百货(崇文门店)F1,,,未找到,王迪,北京市,tencent:19M11:50100004|4464107295469868232,老凤祥,837.95,
,116.4106,39.90547,老凤祥银楼,北京市东城区台基厂大街,,,未找到,林虎,北京市,tencent:19M11:50100004|14432911407918966246,老凤祥,2771.58,
,116.4355,39.90619,老凤祥(赛特购物中心店),建国门外大街22号赛特购物中心1层,,,无电话,林虎,北京市,dianping:19M11:50100004|92655152,老凤祥,3172.82,
,116.4623,39.8839,老凤祥首饰回收典当(劲松店),北京市朝阳区东三环南路劲松大厦劲松地铁站C口,15810609283,,,林虎,北京市,tencent:19M11:50100004|3246074318084484157,老凤祥,982.9,电话：15810609283
,116.4546,39.89388,老凤祥,东三环中路辅路富力广场购物中心一层,,Y,010-59037292,林虎,北京市,dianping:19M11:50100004|131491528,老凤祥,1401.2,010--59037292
,116.4672,39.89238,老鳳祥,双井家乐福,,,未找到,林虎,北京市,dianping:19M11:50100004|131601913,老凤祥,732.23,
,116.4607,39.89462,老凤祥,北京市朝阳区东三环中路65号ViVa北京富力广场F1,,,未找到,林虎,北京市,tencent:19M11:50100004|16686608327409598761,老凤祥,1433.54,
,116.4736,39.89393,老凤祥,北京市朝阳区广渠路31号双井家乐福家乐福(双井店)底商,,,,,北京市,tencent:19M11:50100004|17622408215761776678,老凤祥,0,
,116.4736,39.89393,老凤祥,广渠路31号双井家乐福家乐福(双井店)底商,,,未找到,林虎,北京市,amap:19M11:50100004|B0FFKTDIQT,老凤祥,10905.72,
,116.3758,39.90951,老凤祥(汉光百货),北京市西城区西单北大街176号汉光百货F1,010-66010105,Y,,林虎,北京市,tencent:19M11:50100004|6365115883795194840,老凤祥,16.41,电话：010-66010105
,116.376,39.90954,老凤祥(汉光百货),西单北大街176号汉光百货F1层,,,,,北京市,amap:19M11:50100004|B0FFJKC1EK,老凤祥,3209.83,
,116.4048,39.90881,老凤祥(东华金街购物中心店),王府井大街301-1号东华金街购物中心1层,,,,,北京市,dianping:19M11:50100004|93654327,老凤祥,215.84,
,116.4037,39.91243,老凤祥(北京市百货大楼店),王府井大街255号北京市百货大楼北馆1层,,,无电话,林虎,北京市,dianping:19M11:50100004|76690547,老凤祥,558.06,
,116.4083,39.9079,老凤祥(东方新天地店),东长安街1号东方新天地一区LG层,,,无电话,林虎,北京市,dianping:19M11:50100004|19132091,老凤祥,413.63,
,116.412,39.90933,老凤祥,北京市东城区东长安街1号东方新天地地下1层,,,,,北京市,tencent:19M11:50100004|665440843554444242,老凤祥,152.11,
,116.4107,39.90996,老凤祥银楼北京王府井分号,东城区王府井大街301-2京新旅大厦1层,85117337,,,林虎,北京市,office:19M11:50100004|1573122325422,老凤祥,437.05,
,116.4146,39.9093,老凰祥,东长安街1号东方新天地商场地铁层DE39,,,,,北京市,amap:19M11:50100004|B0FFFZF5S1,老凤祥,452.97,
,116.4105,39.91025,老凤祥银楼(王府井分号),北京市东城区王府井大街301号新燕莎金街购物广场F1,,,,,北京市,tencent:19M11:50100004|3754197132411327715,老凤祥,58.95,
,116.4111,39.91031,老凤祥银楼(王府井店),王府井大街301-1号北京东华金街购物中心1层后厅,,,,,北京市,amap:19M11:50100004|B000AA0J49,老凤祥,239.28,
,116.4096,39.91384,老凤祥银楼(王府井百货店),北京市东城区王府井大街255号北京市百货大楼F1,,,,,北京市,tencent:19M11:50100004|4694107043968792883,老凤祥,406.15,
,116.4108,39.92153,老凤祥银楼(三友商场店),东四南大街17号三友商场1层底商,,,010--65123811,林虎,北京市,dianping:19M11:50100004|23446847,老凤祥,715.02,010--65123811
,116.4172,39.92285,老凤祥银楼(三友商场店),北京市东城区东四南大街17号三友商场F1,,,,,北京市,tencent:19M11:50100004|2802067918699719736,老凤祥,3.94,
,116.4172,39.92292,老凤祥银楼(东四分店),东四南大街17号三友商场F1层,,,,,北京市,amap:19M11:50100004|B0FFFFXS5V,老凤祥,2822.13,
,116.4416,39.90745,老凤祥银楼(北京赛特购物中心店),北京市朝阳区建国门外大街22号赛特购物中心F1,,,未找到,林虎,北京市,tencent:19M11:50100004|8167604314647060639,老凤祥,367.64,
,116.4449,39.90772,老凤祥(贵友大厦店),建国门外大街甲5号贵友大厦1层,,,无电话,林虎,北京市,dianping:19M11:50100004|5241101,老凤祥,719.2,
,116.4514,39.90897,老凤祥银楼(建外大街店),北京市朝阳区建国门外大街甲5号贵友大厦1层,,,,,北京市,tencent:19M11:50100004|11137586365005183640,老凤祥,27.08,
,116.4512,39.90924,老凤祥(贵友大厦建外店),建国门外大街甲5号贵友大厦F1层,,,,,北京市,amap:19M11:50100004|B000AAA6SF,老凤祥,1065.01,
,116.4432,39.92122,老凤祥(蓝岛大厦朝阳店),朝阳门外大街8号蓝岛大厦东区1层,,,无电话,林虎,北京市,dianping:19M11:50100004|24841279,老凤祥,643.48,
,116.449,39.92261,老凤祥(蓝岛大厦店),北京市朝阳区朝阳门外大街8号蓝岛大厦(朝阳店)F1,,,,,北京市,tencent:19M11:50100004|11943588808925571855,老凤祥,20447.86,
,116.2655,39.94215,老凤祥(金四季店),西四环北路117号金四季购物中心内,,,无电话,林虎,北京市,dianping:19M11:50100004|4076161,老凤祥,668.1,
,116.2715,39.94349,老凤祥(金四季店),北京市海淀区西四环北路117号金四季购物中心F1,,,,,北京市,tencent:19M11:50100004|18030935697185072464,老凤祥,9.37,
,116.2715,39.94338,老凤祥银楼(金四季店),金四季购物中心北京市海淀区西四环北路117号F1,,,,,北京市,amap:19M11:50100004|B0FFIYVI2D,老凤祥,1406.67,
,116.2825,39.95732,老凤祥(世纪金源购物中心店),远大路1号世纪金源购物中心1层,010-88875067,,,林虎,北京市,dianping:19M11:50100004|17867850,老凤祥,461.21,010--88875067
,116.2867,39.95824,老凤祥,北京市海淀区远大路1号贵友大厦金源店1层,010-88875067,,,,北京市,tencent:19M11:50100004|1630666972880030071,老凤祥,10.28,电话：010-88875067
,116.2867,39.95844,老凤祥(世纪金源购物中心西区),远大路1号世纪金源购物中心西区1F层,,,,,北京市,amap:19M11:50100004|B0FFF36T00,老凤祥,8744.04,
,116.365,39.94597,老凤祥(新华百货店),新街口北大街1号新华百货1层,,,,林虎,北京市,dianping:19M11:50100004|24273188,老凤祥,667.25,
,116.3709,39.9478,老凤祥(新华百货店),北京市西城区新街口北大街1号新华百货F1,,,,,北京市,tencent:19M11:50100004|12270196840584655910,老凤祥,380.69,
,116.3742,39.95025,老凤祥(德外工美店),安德路83号德外工美大厦1楼,,,010--57210358,林虎,北京市,dianping:19M11:50100004|43618864,老凤祥,6357.75,010--57210358
,116.3174,39.96408,老凤祥(华宇时尚购物中心店),中关村南大街2号华宇时尚购物中心F1楼,,,010--51727030,林虎,北京市,dianping:19M11:50100004|4207588,老凤祥,687.75,010--51727030
,116.3236,39.96521,老凤祥华宇购物中心,北京市海淀区中关村南大街2号华宇时尚购物中心F1,,,,,北京市,tencent:19M11:50100004|10613347313007385149,老凤祥,66.6,
,116.323,39.96545,老凤祥,中关村南大街2号数码大厦b座华宇时尚购物中心1层,,,,,北京市,amap:19M11:50100004|B0FFKH0C1Y,老凤祥,1636.32,
,116.3092,39.97704,老凤祥,中关村大街19号新中关大厦1层,,,未找到,林虎,北京市,dianping:19M11:50100004|123538952,老凤祥,750.25,15930089331
,116.315,39.96931,老凤祥(当代商城店),中关村大街40号当代商城1层,,,无电话,林虎,北京市,dianping:19M11:50100004|123216998,老凤祥,684.98,
,116.3211,39.97061,老凤祥(当代商城),中关村大街40号当代商城F1层,,,,,北京市,amap:19M11:50100004|B0FFJCW7TI,老凤祥,24.33,
,116.3209,39.97076,老凤祥,北京市海淀区中关村大街40号当代商城(本店)F1,,,,,北京市,tencent:19M11:50100004|10167153088280255586,老凤祥,18.83,
,116.3211,39.97071,老凤祥,北京市海淀区中关村大街40号当代商城(本店)F1,,,,,北京市,tencent:19M11:50100004|15530641882685017,老凤祥,790.84,
,116.3148,39.97827,老凤祥银楼(新中关购物中心店),北京市海淀区中关村大街19号新中关大厦新中关购物中心L1,,,,,北京市,tencent:19M11:50100004|10391119016995004438,老凤祥,54.41,
,116.3153,39.97817,老凤祥,北京市海淀区中关村大街19号新中关大厦新中关购物中心L1,,,,,北京市,tencent:19M11:50100004|3687001704976769722,老凤祥,16.08,
,116.3152,39.97832,老凤祥银楼(新中关购物中心店),中关村大街19号新中关大厦1层,,,,,北京市,amap:19M11:50100004|B0FFJJ88WO,老凤祥,5842.44,
,116.3677,39.97742,老凤祥银楼(翠微百货店),花园路2号翠微百货一层,,,未找到,林虎,北京市,amap:19M11:50100004|B0FFL2M5DT,老凤祥,0.27,
,116.3677,39.97742,老凤祥银楼(翠微百货店),北京市海淀区花园路2号翠微百货(牡丹园店)F1,,,,,北京市,tencent:19M11:50100004|4619940496862065220,老凤祥,3893.14,
,116.3332,39.99054,老凤祥(华联百货店),成府路28号BHG华联百货1层,,,无电话,林虎,北京市,dianping:19M11:50100004|76713503,老凤祥,712.33,
,116.3396,39.99186,老凤祥(华联百货店),北京市海淀区城府路28号五道口购物中心F1,,,,,北京市,tencent:19M11:50100004|14432927725697381479,老凤祥,1.5,
,116.3395,39.99189,老凤祥(五道口购物中心),成府路28号五道口购物中心F1层,,,,,北京市,amap:19M11:50100004|B0FFGBOAL0,老凤祥,4962.91,
,116.3804,39.95168,老凤祥(工美大厦店),北京市西城区德胜街道安德路83号德胜门工美大厦一楼老凤祥,,,010--57210358,林虎,北京市,tencent:19M11:50100004|18222711545821952467,老凤祥,12086.12,
,116.4889,39.96044,老凤祥(久隆百货店),酒仙桥路39号久隆百货1层,,,010--64349788,林虎,北京市,dianping:19M11:50100004|3328237,老凤祥,664.91,010--64349788
,116.4948,39.9619,老凤祥(久隆百货酒仙桥店),酒仙桥路39号久隆百货F1层,,,,,北京市,amap:19M11:50100004|B000AAAAWA,老凤祥,2.57,010-64356726  010-64356705
,116.4948,39.96192,老凤祥(久隆百货店),北京市朝阳区酒仙桥路39号久隆百货(酒仙桥店)F1,010-64356705,,,,北京市,tencent:19M11:50100004|12774860280487144197,老凤祥,5974.04,电话：010-64356705
,116.4413,39.97005,老凤祥,太阳宫中路12号,,,未找到,林虎,北京市,dianping:19M11:50100004|1811729370,老凤祥,697.37,010--84430063
,116.4475,39.97141,老凤祥,太阳宫中路12号凯德MALL1层,,,,,北京市,amap:19M11:50100004|B0FFL02O6G,老凤祥,6.79,010-84430063
,116.4475,39.97154,老凤祥,北京市朝阳区太阳宫中路12号凯德MALL(太阳宫店)F1,,,,,北京市,tencent:19M11:50100004|815810460838697021,老凤祥,1955.06,
,116.4628,39.99089,老凤祥(BHG百货望京店),广顺北大街33号华联商厦望京店1层,,,18801076735,林虎,北京市,dianping:19M11:50100004|58553872,老凤祥,583.53,18801076735
,116.4582,39.99631,老凤祥餐厅,望京望湖广场商业街16号,,,,,北京市,dianping:19M11:50100004|4228071,老凤祥,1868.77,
,116.4743,39.98561,老凤祥(新世界百货店),广顺南大街16号新世界百货1层,,,,,北京市,dianping:19M11:50100004|125049438,老凤祥,672.87,
,116.4803,39.98685,老凤祥(新世界百货),广顺南大街16号新世界百货F1层,,,无电话,林虎,北京市,amap:19M11:50100004|B0FFF3KTRR,老凤祥,7.08,
,116.4802,39.98694,老凤祥(新世界百货),北京市朝阳区广顺南大街16号院新世界百货(望京店)F1,,,,,北京市,tencent:19M11:50100004|10003850801587684512,老凤祥,489.11,
,116.4759,39.98873,老凤祥银楼(方恒购物中心店),阜通东大街6号院方恒购物中心1层,,,010--59203636,林虎,北京市,dianping:19M11:50100004|50544526,老凤祥,666.15,010--59203636
,116.4819,39.99002,老凤祥银楼(方恒购物中心),望京阜通东大街6号院4号楼方恒购物中心1层,,,,,北京市,amap:19M11:50100004|B0FFH06QEH,老凤祥,14.26,
,116.482,39.99001,老凤祥(方恒购物中心店),北京市朝阳区阜通东大街方恒购物中心1-15-16号区域,010-84783580,,,,北京市,tencent:19M11:50100004|13422769108804103380,老凤祥,1456.09,电话：010-84783580
,116.469,39.99223,老凤祥(凯德MALL.望京),北京市朝阳区广顺北大街33号凯德MALL(望京店)F1,18801076735,,,林虎,北京市,tencent:19M11:50100004|9571997046112003756,老凤祥,4.26,电话：18801076735
,116.469,39.99222,老凤祥(凯德MALL.望京),广顺北大街33号凯德MALL.望京华联1F层,,,,,北京市,amap:19M11:50100004|B0FFF6XIQQ,老凤祥,14565.79,18801076735
,116.5453,39.75409,老凤祥(马驹桥店),马驹桥镇马驹桥潼关三区金典国际百货商城老凤祥,,,无电话,林虎,北京市,amap:19M11:50100004|B0FFK430KL,老凤祥,2.26,
,116.5453,39.75414,老凤祥(马驹桥店),北京市通州区马驹桥镇马驹桥潼关三区金典国际百货商城老凤祥,,,,,北京市,tencent:19M11:50100004|12569897424184741045,老凤祥,613.01,
,116.5399,39.75643,老凤祥,漷马路,,,未找到,林虎,北京市,dianping:19M11:50100004|131051607,老凤祥,651.54,
,116.5458,39.75752,老凤祥,北京市通州区漷马路,,,未找到,林虎,北京市,tencent:19M11:50100004|225516460158463444,老凤祥,2960.47,
,116.5274,39.80051,老凤祥(城乡世纪广场店),科创五街38号城乡世纪广场C区1层,,,无电话,林虎,北京市,dianping:19M11:50100004|23882687,老凤祥,692.25,
,116.5335,39.8019,老凤祥(北京城乡世纪广场),科创五街38号北京城乡世纪广场L1层,,,,,北京市,amap:19M11:50100004|B0FFHJDOW2,老凤祥,6.4,
,116.5335,39.80197,老凤祥银楼亦庄专卖店,北京市大兴区科创五街38号城乡世纪广场F1,,,,,北京市,tencent:19M11:50100004|803314729128179123,老凤祥,3402.61,
,116.5641,39.80306,老凤祥(家和新天地店),嘉创路与011县道交叉口家和新天地1层,,,无电话,林虎,北京市,dianping:19M11:50100004|105256274,老凤祥,641.56,
,116.5698,39.80414,老凤祥(家和新天地),北京市通州区嘉创路与011县道交叉口家和新天地次渠购物中心F1,,,,,北京市,tencent:19M11:50100004|11507252161227902939,老凤祥,3.1,
,116.5698,39.8042,老凤祥(家和新天地),嘉创路与011县道交叉口北150米家和新天地1F层,,,,,北京市,amap:19M11:50100004|B0FFG8E2NF,老凤祥,6834.69,
,116.5146,39.86453,垡头珠宝城,北京市朝阳区化工路与金蝉中路交叉口东100米,17775752601,,,许冠雄,北京市,tencent:19M11:50100004|343006629634832151,老凤祥,1678.74,
,116.5001,39.87315,老凤祥银楼(金蝉西路),紫南家园207号楼1-3层107-108号,,,未找到,许冠雄,北京市,amap:19M11:50100004|B0FFIOW27E,老凤祥,12978.69,
,116.6158,39.90481,老凤祥,建国路,,,未找到,许冠雄,北京市,dianping:19M11:50100004|98492638,老凤祥,11659.01,
,116.5113,39.92052,老凤祥首饰回收典当(青年路店),青年路佳亿青年汇,,,未找到,许冠雄,北京市,dianping:19M11:50100004|120091598,老凤祥,664.23,15611626601
,116.5172,39.9217,老凤祥首饰回收典当(青年路店),北京市朝阳区青年路佳亿青年汇,,,,,北京市,tencent:19M11:50100004|1713501912638224698,老凤祥,523.38,
,116.5126,39.923,老凤祥(朝阳大悦城店),朝阳北路101号朝阳大悦城B1层,15801016646,,,许冠雄,北京市,dianping:19M11:50100004|77239965,老凤祥,599.91,
,116.5179,39.92458,老凤祥,北京市朝阳区朝阳北路101号(青年路口)朝阳大悦城B1,15801016646,,,,北京市,tencent:19M11:50100004|2611878062253037045,老凤祥,3.36,电话：15801016646
,116.5179,39.92464,老凤祥(朝阳大悦城),朝阳北路101号(青年路口)朝阳大悦城B1层,,,,,北京市,amap:19M11:50100004|B0FFHOJIXJ,老凤祥,5866.44,
,116.5701,39.90731,老凤祥(天兰店),双桥路3号天兰LifeStyle商场1层,,,无电话,许冠雄,北京市,dianping:19M11:50100004|104867888,老凤祥,186.95,
,116.5717,39.9072,老凤祥(国泰百货双桥店),双桥路2号国泰百货1层,,,无电话,许冠雄,北京市,dianping:19M11:50100004|57866829,老凤祥,646.35,
,116.5775,39.90813,老凤祥(国泰百货双桥店),双桥路2号院2号国泰百货F1层,,,,,北京市,amap:19M11:50100004|B0FFG8N014,老凤祥,159.65,
,116.5761,39.90858,老凤祥(天兰店),北京市朝阳区三间房双桥路3号东星时尚广场F1,,,,,北京市,tencent:19M11:50100004|3556433094777162313,老凤祥,166.24,
,116.5776,39.90821,老凤祥(国泰百货店),北京市朝阳区双桥路2号院2国泰百货(双桥店)F1,,,,,北京市,tencent:19M11:50100004|12299638999871618547,老凤祥,157.44,
,116.5762,39.90873,老凤祥(天兰店),双桥路3号天兰LifeStyle商场1层,,,,,北京市,amap:19M11:50100004|B0FFJ33D91,老凤祥,1900.45,
,116.592,39.92297,老凤祥,龙湖北京长楹天街西区B1,,,未找到,许冠雄,北京市,dianping:19M11:50100004|125360857,老凤祥,251.28,
,116.5898,39.92404,老凤祥黄金回收典当,朝阳北路龙湖长楹天街,,,未找到,许冠雄,北京市,dianping:19M11:50100004|108841363,老凤祥,677.61,
,116.5959,39.92403,老凤祥(长楹天街购物中心店),朝阳北路长楹天街购物中心东区B1层,,,010--56857398,许冠雄,北京市,dianping:19M11:50100004|22184986,老凤祥,136.33,010--56857398
,116.5971,39.9248,老凤祥(龙湖长楹天街购物中心西区),常通路1号院龙湖长楹天街购物中心西区B1层西区-B1-24-25、东区-B1-18a,,,,,北京市,amap:19M11:50100004|B0FFFR4I8W,老凤祥,0,
,116.5971,39.9248,老凤祥黄金回收典当,北京市朝阳区常通路1号院龙湖长楹天街购物中心西区B1层西区-B1-24-25、东区-B1-18a,,,未找到,许冠雄,北京市,tencent:19M11:50100004|16134679861056168840,老凤祥,675.39,
,116.6031,39.92523,老凤祥银楼(长楹天街店),北京市朝阳区常通路4号院龙湖长楹天街B1,,,,,北京市,tencent:19M11:50100004|657761574513583287,老凤祥,639.17,
,116.5974,39.92632,老凤祥(华联-常营ACG店),北京市朝阳区朝阳北路17号楼(地铁6号线常营站)北京华联常营购物中心F1,010-56857398,,未找到,许冠雄,北京市,tencent:19M11:50100004|14672121400143434444,老凤祥,325.39,电话：010-56857398
,116.6002,39.92831,老凤祥,常营华联购物中心一层,,,未找到,许冠雄,北京市,dianping:19M11:50100004|1074736693,老凤祥,646.86,
,116.606,39.92935,老凤祥,北京市朝阳区常营华联购物中心一层,,,未找到,许冠雄,北京市,tencent:19M11:50100004|1111622458871692686,老凤祥,5563.27,
,116.6524,39.8879,老凤祥(京通罗斯福广场店),北苑南路翠屏北里21号楼京通罗斯福广场F1层,,,010--80556705,许冠雄,北京市,dianping:19M11:50100004|19609285,老凤祥,928.7,010--80556705
,116.6604,39.88293,老凤祥(贵友大厦店),云景东路1号贵友大厦1层,,,无电话,许冠雄,北京市,dianping:19M11:50100004|8965510,老凤祥,50.11,
,116.6609,39.88312,老鳯祥金店,九棵树东路77号,,,未找到,许冠雄,北京市,dianping:19M11:50100004|92178681,老凤祥,609.33,
,116.6663,39.88397,老凤祥(贵友大厦店),北京市通州区云景东路1号贵友大厦(通州店)F1,,,,,北京市,tencent:19M11:50100004|14551120128463034358,老凤祥,3.63,
,116.6663,39.88405,老凤祥(贵友百货通州店),云景东路1号贵友百货(通州店)F1层,,,,,北京市,amap:19M11:50100004|B0FFF5LOML,老凤祥,1099.08,
,116.6568,39.88947,老凤祥周大生珠宝,北京市通州区九棵树地铁家乐福一层,,,未找到,许冠雄,北京市,tencent:19M11:50100004|2843409896598747562,老凤祥,164.67,
,116.6582,39.88896,老凤祥(京通罗斯福广场),北京市通州区梨园镇九棵树中街9号京通罗斯福广场F1,010-80556705,,,许冠雄,北京市,tencent:19M11:50100004|1773942479814541428,老凤祥,5.04,电话：010-80556705
,116.6582,39.88902,老凤祥(京通罗斯福广场),九棵树中街9号京通罗斯福广场1F层120,,,,,北京市,amap:19M11:50100004|B0FFFRR9QH,老凤祥,3161.92,010-80556705
,116.6304,39.9025,老凤祥(北京华联天时名苑店),杨庄北里52号天时名苑14号楼华联天时名苑购物中心1层,,,未找到,许冠雄,北京市,dianping:19M11:50100004|11238224,老凤祥,185.49,
,116.6297,39.90577,老凤祥(国泰百货店),八里桥南街1号国泰百货1层,,,未找到,许冠雄,北京市,dianping:19M11:50100004|24842137,老凤祥,745.74,
,116.6363,39.90357,老凤祥(BHG Mall北京华联天时名苑购物中心),杨庄北里天时名苑小区14号BHG Mall北京华联天时名苑购物中心1层,,,,,北京市,amap:19M11:50100004|B0FFF3J4FV,老凤祥,99.77,
,116.6354,39.90422,老凤祥(万达广场店),新华西街58号万达广场1层,,,无电话,许冠雄,北京市,dianping:19M11:50100004|20934315,老凤祥,90.39,
,116.6362,39.90388,通州老凤祥(北京华联天时名苑购物中心),杨庄北里天时名苑小区14号北京华联商场2层,,,无电话,许冠雄,北京市,amap:19M11:50100004|B0FFIR59TZ,老凤祥,5.01,
,116.6363,39.90388,老凤祥(北京华联天时名苑店),北京市通州区杨庄北里52号华联天时名苑购物中心F1,,,,,北京市,tencent:19M11:50100004|9758706748248284915,老凤祥,265.48,
,116.6386,39.90536,老凤祥(通州西门专卖店),新华西街56号,,,13810613988,许冠雄,北京市,dianping:19M11:50100004|124946676,老凤祥,280.58,13810613988
,116.6411,39.90544,老凤祥(万达百货通州店),北京市通州区新华西街58号北京通州万达广场F1,,,,,北京市,tencent:19M11:50100004|12649561140163870560,老凤祥,9.74,
,116.6411,39.90529,老凤祥银楼(通州万达广场店),新华西街与北苑南路交汇处东南角万达广场1层,,,,,北京市,amap:19M11:50100004|B0FFFG0440,老凤祥,8.57,
,116.6411,39.90546,老凤祥(万达广场通州店),新华西街58号万达广场(通州店)F1层,,,无电话,许冠雄,北京市,amap:19M11:50100004|B0FFJDWK7M,老凤祥,637.48,
,116.6355,39.90704,老凤祥(国泰百货),北京市通州区八里桥南街1-1号国泰百货(通州北苑店)F1,,,未找到,许冠雄,北京市,tencent:19M11:50100004|15079213634650607609,老凤祥,975.98,
,116.6442,39.90629,老凤祥银楼通州西门专卖店,新华西街56号底商一楼,,,未找到,许冠雄,北京市,amap:19M11:50100004|B0FFK6B2SN,老凤祥,2312.17,
,116.665,39.90724,老凤祥银楼通州专卖(人民购物中心店),新华东街116号人民购物中心1层底商,,,,,北京市,dianping:19M11:50100004|74884827,老凤祥,609.62,010--80888336
,116.6704,39.90835,老凤祥银楼北京通州专卖店,北京市通州区新华东街116号,80888336,,,许冠雄,北京市,office:19M11:50100004|1573122325204,老凤祥,72.15,
,116.6711,39.90826,老凤祥银楼(通州专卖店),北京市通州区新华东街114号,010-80888336,,,许冠雄,北京市,tencent:19M11:50100004|18425784295220273112,老凤祥,6.94,电话：010-80888336
,116.6711,39.90823,老凤祥银楼(通州专卖店),新华东街116号天天人民购物中心,,,,,北京市,amap:19M11:50100004|B000A879Z3,老凤祥,17304.13,010-80888336  13810613988
,116.5163,39.9391,老凤祥(活力东方购物广场店),姚家园路甲1号活力东方购物广场西楼1层,,,无电话,许冠雄,北京市,dianping:19M11:50100004|26205843,老凤祥,659.65,
,116.5222,39.94017,老凤祥(活力东方OUTLETS工厂店),北京市朝阳区姚家园路甲1号活力东方奥特莱斯工厂店F1,,,,,北京市,tencent:19M11:50100004|14976518977105086274,老凤祥,17.83,
,116.5221,39.94028,老凤祥(活力东方购物广场店),姚家园路甲一号活力东方购物广场1层,,,,,北京市,amap:19M11:50100004|B0FFHI084P,老凤祥,2.63,
,116.5221,39.94033,老凤祥,北京市朝阳区姚家园路甲1号活力东方奥特莱斯工厂店F1,,,,,北京市,tencent:19M11:50100004|1522447323849935155,老凤祥,8.13,
,116.5221,39.94034,老凤祥,北京市朝阳区姚家园路甲1号活力东方奥特莱斯工厂店F1,,,,,北京市,tencent:19M11:50100004|2047288608147460444,老凤祥,0.85,
,116.5221,39.94035,老凤祥,北京市朝阳区姚家园路甲1号活力东方奥特莱斯工厂店F1,,,,,北京市,tencent:19M11:50100004|2606786311531786124,老凤祥,66541.52,
,115.9701,40.45877,老凤祥银楼,东外大街111号中踏广场F1,,,未找到,许冠雄,北京市,dianping:19M11:50100004|83224049,老凤祥,679.55,
,115.9762,40.46007,老凤祥(中踏广场),东外大街111号中踏广场F1层,,,,,北京市,amap:19M11:50100004|B0FFG8GD2W,老凤祥,1.47,
,115.9762,40.4601,老凤祥银楼(中踏广场店),北京市延庆区东外大街111号中踏广场F1,,,,,北京市,tencent:19M11:50100004|9705707866165714982,老凤祥,39029.37,
,116.2707,40.02795,老凤祥(中发百旺商城店),圆明园西路18号中发百旺商城1层,,,010--62898106,许冠雄,北京市,dianping:19M11:50100004|93329622,老凤祥,2.32,010--62898106
,116.2707,40.028,老凤祥(鑫百旺专卖店),圆明园西路16号马连洼小区兰园综合楼,,,010--62898106,许冠雄,北京市,dianping:19M11:50100004|14159146,老凤祥,676.76,010--62898106
,116.2767,40.02924,老凤祥银楼(鑫百旺专卖店),北京市海淀区圆明园西路16号马连洼小区兰园综合楼(百旺商城附近),010-62898106|13910114590,,,,北京市,tencent:19M11:50100004|6987448185661530306,老凤祥,8.14,电话：010-62898106;13910114590
,116.2768,40.02925,老凤祥(中发百旺商城店),圆明园西路18号中发百旺商城F1层1139,,,,,北京市,amap:19M11:50100004|B0FFHHZTU4,老凤祥,87.85,
,116.276,40.02934,老凤祥银楼(鑫百旺专卖店),圆明园西路16号马连洼小区兰园综合楼(百旺商城东北角),,,,,北京市,amap:19M11:50100004|B0FFF633GZ,老凤祥,3272.62,
,116.3054,40.02764,老凤祥(北京华联农大南路店),农大南路1号硅谷亮城1号楼BHG Mall北京华联上地购物中心1层,,,13511020912,许冠雄,北京市,dianping:19M11:50100004|58488044,老凤祥,4769.37,13511020912
,116.3473,40.00734,老凤祥(圣熙8号购物中心店),学清路甲8号圣熙8号购物中心1楼,,,无电话,许冠雄,北京市,dianping:19M11:50100004|40144710,老凤祥,695.57,
,116.3535,40.00869,老凤祥(圣熙8号购物中心),学清路甲8号圣熙8号购物中心F1层,,,,,北京市,amap:19M11:50100004|B0FFF5TKR6,老凤祥,2.15,010-82737204
,116.3535,40.00873,老凤祥(圣熙8号购物中心店),北京市海淀区学清路甲8号圣熙8号购物中心F1,010-82737204,,,,北京市,tencent:19M11:50100004|184139740519941319,老凤祥,2882.38,电话：010-82737204
,116.3292,40.02885,老凤祥(华润五彩城店),清河中街华润五彩城东区二层,,,13801261713,许冠雄,北京市,dianping:19M11:50100004|95934395,老凤祥,434.24,13801261713
,116.333,40.0302,老凤祥(华润·五彩城西区)(装修中),清河中街68号华润五彩城购物中心西区1层,,,,,北京市,amap:19M11:50100004|B0FFJBC0GP,老凤祥,272.85,
,116.3355,40.03018,老凤祥(华润五彩城店),北京市海淀区清河中街68号华润五彩城F2,,,,,北京市,tencent:19M11:50100004|11648110464613170822,老凤祥,656.54,
,116.3414,40.03149,老凤祥,永泰庄路25号泰鑫源商厦1层,,,未找到,侯莉莉,北京市,dianping:19M11:50100004|103073258,老凤祥,13531.44,
,116.4625,40.0094,老凤祥(望京华彩商业中心店),广顺北大街16号望京华彩商业中心1层,,,010--59780368,侯莉莉,北京市,dianping:19M11:50100004|5258032,老凤祥,687.28,010--59780368
,116.4687,40.01064,老凤祥(望京华彩商业中心),广顺北大街16号望京华彩商业中心1层(丽泽中街西口),,,,,北京市,amap:19M11:50100004|B0FFHUI99D,老凤祥,4.11,
,116.4687,40.01066,老凤祥(望京华彩商业中心),北京市朝阳区广顺北大街16号望京华彩商业中心F1,010-59780368,,,,北京市,tencent:19M11:50100004|15551088361444446997,老凤祥,6130.11,电话：010-59780368
,116.4153,40.04098,老凤祥(易事达购物广场店),秋实街1号易事达购物广场1层,,,无电话,侯莉莉,北京市,dianping:19M11:50100004|38766109,老凤祥,713.29,
,116.4217,40.04221,老凤祥(易事达购物广场店),北京市朝阳区北苑路秋实街1号易事达广场F1,,,,,北京市,tencent:19M11:50100004|13675104592545011205,老凤祥,1208.85,
,116.4324,40.04661,老凤祥,北京市朝阳区清河营南街,,,未找到,侯莉莉,北京市,tencent:19M11:50100004|7213654591837187177,老凤祥,2633.52,
,116.4093,40.05835,老凤祥(翠微百货店),立汤路186号翠微百货1层,,,无电话,侯莉莉,北京市,dianping:19M11:50100004|102296658,老凤祥,781.36,
,116.4163,40.06062,老凤祥(龙德广场),北京市昌平区立汤路186号龙德广场F1,,,,,北京市,tencent:19M11:50100004|15857152851852867412,老凤祥,26.84,
,116.416,40.06069,老凤祥(龙德广场),立汤路186号龙德广场F1层,,,,,北京市,amap:19M11:50100004|B0FFHW0CSR,老凤祥,11549.87,
,116.3124,40.07303,老凤祥银楼,回龙观西大街118号,18630686218,,,侯莉莉,北京市,dianping:19M11:50100004|132830427,老凤祥,3227.07,010--59358929
,116.3412,40.06551,老凤祥(龙旗购物中心店),黄平路19号院龙旗购物中心1层,,,010--82540661,侯莉莉,北京市,dianping:19M11:50100004|17202103,老凤祥,2538.51,010--82540661
,116.3187,40.074,老凤祥银楼(北京回龙观店),北京市昌平区回龙观西大街118号老凤祥专卖店,18630686218,,,,北京市,tencent:19M11:50100004|7164648607733983091,老凤祥,18.08,电话：18630686218
,116.3186,40.07416,老凤祥专卖店,回龙观西大街118号老凤祥专卖店,,,,,北京市,amap:19M11:50100004|B0FFKLPGD2,老凤祥,611.05,
,116.3131,40.07516,老凤祥银楼(华联商厦店),回龙观西大街111号华联商厦百货1层,010-57536603,,,侯莉莉,北京市,dianping:19M11:50100004|69431598,老凤祥,693.2,010--57536603
,116.3193,40.0766,老凤祥银楼(华联商厦店),北京市昌平区回龙观西大街111号华联商厦(回龙观店)F1,010-57536603,,,,北京市,tencent:19M11:50100004|10538154681852911574,老凤祥,3.14,电话：010-57536603
,116.3193,40.07665,老凤祥(BHG Mall北京华联回龙观购物中心店),回龙观西大街111号BHG Mall北京华联回龙观购物中心1层(冠庭园东南),,,,,北京市,amap:19M11:50100004|B000AAA69D,老凤祥,1375.8,
,116.3314,40.07084,老凤祥(北京华联店),同成街北京华联购物中心1层,,,18210141616,侯莉莉,北京市,dianping:19M11:50100004|76713506,老凤祥,643.33,18210141616
,116.3371,40.07217,老凤祥(BHG Mall北京华联同成街购物中心店),回龙观镇育知东路30号院5号楼BHG Mall北京华联同成街购物中心1层,,,未找到,侯莉莉,北京市,amap:19M11:50100004|B0FFHCSDEL,老凤祥,1.6,
,116.3372,40.07215,老凤祥珠宝,北京市昌平区回龙观镇育知东路30号院5号楼华联商厦(回龙观二店)F1,,,,,北京市,tencent:19M11:50100004|1462084572600995257,老凤祥,49.54,
,116.3376,40.07214,老凤祥珠宝,回龙观地铁站同成街华联商厦一层,,,,,北京市,amap:19M11:50100004|B0FFHF09CS,老凤祥,1080.73,
,116.3465,40.06339,老凤祥银楼回龙观专卖店,北京市昌平区天阳亲子广场内,,,未找到,侯莉莉,北京市,tencent:19M11:50100004|8968584798071559647,老凤祥,202.43,
,116.3475,40.06687,老凤祥(龙旗购物中心龙旗广场),北京市昌平区黄平路19号院龙旗购物中心F1,,,,,北京市,tencent:19M11:50100004|13588457508896244103,老凤祥,35.23,
,116.3478,40.06683,老凤祥(龙旗购物中心龙旗广场),回龙观镇黄平路19号院3号楼龙旗购物中心1层,,,010--82540661,侯莉莉,北京市,amap:19M11:50100004|B0FFFNXBVD,老凤祥,7515.99,
,116.4153,40.06639,老凤祥(西单商场天通苑购物中心),北京市昌平区天通苑五区商业楼西单商场1层,,,未找到,侯莉莉,北京市,tencent:19M11:50100004|1856987699727699110,老凤祥,742.96,
,116.4087,40.06891,老凤祥(华联天通苑店),太平庄中一街华联天通苑购物中心1层,,,15828525585,侯莉莉,北京市,dianping:19M11:50100004|56632498,老凤祥,732.53,15828525585
,116.4152,40.06646,老凤祥(西单商场天通苑购物中心),天通苑五区西单商场1层,,,,,北京市,amap:19M11:50100004|B0FFF3DFCC,老凤祥,189.1,
,116.4154,40.07025,老凤祥(BHG Mall北京华联天通苑购物中心店),太平庄中一街BHG Mall北京华联天通苑购物中心1层,,,未找到,侯莉莉,北京市,amap:19M11:50100004|B0FFG8F3JR,老凤祥,0,
,116.4154,40.07025,老凤祥(华联天通苑店),北京市昌平区太平庄中一街华联天通苑购物中心1层,,,,,北京市,tencent:19M11:50100004|10266214559931934338,老凤祥,1554.31,
,116.4293,40.07175,老凤祥(天通苑国泰店),天通苑东三区2号商业楼国泰百货1层,,,010--80119417,侯莉莉,北京市,dianping:19M11:50100004|59139875,老凤祥,682.32,010--80119417
,116.4354,40.07302,老凤祥(国泰百货),东小口镇天通苑东苑东三区2号楼国泰百货F2层,,,,,北京市,amap:19M11:50100004|B0FFGOLZ2J,老凤祥,8.9,
,116.4355,40.07309,老凤祥(国泰百货),北京市昌平区东小口镇天通苑东苑东三区2号楼国泰百货(天通苑店)F2,,,,,北京市,tencent:19M11:50100004|10796945250516846748,老凤祥,24280.43,
,116.227,40.21767,老凤祥,鼓楼南大街17号新世纪商城F2层,,,,侯莉莉,北京市,dianping:19M11:50100004|103467316,老凤祥,672.75,
,116.2331,40.21888,老凤祥(新世纪商城三宫庙胡同),北京市昌平区鼓楼南大街17号新世纪商城(昌平店)F2,#NAME?,,,,北京市,tencent:19M11:50100004|6713144091304113761,老凤祥,6.89,
,116.2331,40.21892,老凤祥(新世纪商城三宫庙胡同),鼓楼南大街17号新世纪商城F2层,,,,,北京市,amap:19M11:50100004|B0FFF3KTRP,老凤祥,230.54,
,116.2312,40.22066,老凤祥银楼北京鑫百旺专卖店,北京市昌平区西北旺路西南综合楼一层,62898106,,,侯莉莉,北京市,office:19M11:50100004|1573122325302,老凤祥,459.57,
,116.2271,40.22242,老凤祥,城北街道鼓楼南街3号保利剧院对面,,,未找到,侯莉莉,北京市,dianping:19M11:50100004|103031783,老凤祥,669.76,
,116.2331,40.2236,老凤祥银楼(昌平金店),北京市昌平区城北街道鼓楼南街3号保利剧院对面,,,,,北京市,tencent:19M11:50100004|6030012838867332950,老凤祥,10.2,
,116.2332,40.22366,老凤祥(昌平金店),城北街道鼓楼南街3号保利剧院对面,,,,,北京市,amap:19M11:50100004|B0FFGI449C,老凤祥,537.21,
,116.2376,40.21908,老凤祥(国泰百货店),府学路甲24号国泰百货1层,010-80119417,,,侯莉莉,北京市,dianping:19M11:50100004|130487232,老凤祥,724.52,
,116.2441,40.22027,老凤祥(国泰百货),府学路甲24号国泰百货F1层,,,,,北京市,amap:19M11:50100004|B000AAA35I,老凤祥,7.96,
,116.244,40.22029,老凤祥(国泰百货),北京市昌平区府学路甲24号国泰百货(昌平店)F1,010-80119417,,,,北京市,tencent:19M11:50100004|14438075568314256157,老凤祥,40337.14,电话：010-80119417
,116.5979,40.04503,老凤祥(国泰机场店),北京市顺义区南平街甲1号国泰生活广场机场店1层,,,未找到,侯莉莉,北京市,dianping:19M11:50100004|49559078,老凤祥,616.56,
,116.6034,40.0463,老凤祥(国泰机场店),首都机场南平街甲1号国泰生活广场机场店1层,,,,,北京市,amap:19M11:50100004|B0FFFOFZAC,老凤祥,39.55,
,116.6031,40.04642,老凤祥(国泰机场店),北京市顺义区南平街甲1号国泰生活广场机场店1层,,,,,北京市,tencent:19M11:50100004|5596893812913901310,老凤祥,7942.05,
,116.5365,40.10415,老凤祥(九重汇店),后沙峪镇裕街45号,,,18813153803,侯莉莉,北京市,dianping:19M11:50100004|92794665,老凤祥,657.24,18813153803
,116.5424,40.10526,老凤祥银楼(九重汇店),后沙峪镇裕街45号九重汇1层,,,,,北京市,amap:19M11:50100004|B0FFHP4X27,老凤祥,9.56,
,116.5423,40.10532,老凤祥(九重汇店),北京市顺义区双裕街45号九重汇F1,18813153803,,,,北京市,tencent:19M11:50100004|11818120457830460588,老凤祥,11606.15,电话：18813153803
,116.6462,40.12544,老凤祥(新世界百货店),新顺南大街18号新世界百货1层,,,010--60406210,侯莉莉,北京市,dianping:19M11:50100004|26222471,老凤祥,674.4,010--60406210
,116.6522,40.12681,老凤祥(新世界百货),新顺南大街18号新世界百货F1层,,,,,北京市,amap:19M11:50100004|B0FFF3KTRQ,老凤祥,7.94,
,116.6522,40.12697,老凤祥,北京市顺义区新顺南大街18号新世界百货F1,,,,,北京市,tencent:19M11:50100004|5098850778545659387,老凤祥,836.8,
,116.6448,40.12927,老凤祥(鑫海韵通百货店),府前西街1号鑫海韵通百货2层,,,无电话,侯莉莉,北京市,dianping:19M11:50100004|130231101,老凤祥,157.59,
,116.6462,40.12957,老凤祥(国泰青春馆店),新顺北大街16号国泰青春馆1层,,,010--60406210,侯莉莉,北京市,dianping:19M11:50100004|20852451,老凤祥,601.59,010--60406210
,116.6516,40.12958,老凤祥(国泰广场),北京市顺义区新顺北大街16号国泰青春馆F1,,,,,北京市,tencent:19M11:50100004|13529690890760436942,老凤祥,0.23,
,116.6516,40.12958,老凤祥(国泰广场),新顺南大街2号国泰广场F2层,,,未找到,侯莉莉,北京市,amap:19M11:50100004|B0FFHPUTY0,老凤祥,100.96,
,116.6507,40.13027,老凤祥(鑫海韵通百货),北京市顺义区府前西街1号鑫海韵通百货F2,,,,,北京市,tencent:19M11:50100004|13127443887763771720,老凤祥,106.54,
,116.6517,40.13024,老凤祥(顺商集团国泰东风商场),新顺北大街16号顺商集团国泰东风商场F1层,,,,,北京市,amap:19M11:50100004|B0FFI1D3VQ,老凤祥,23.31,
,116.6519,40.13027,老凤祥,北京市顺义区新顺北大街16号国泰青春馆F1,,,,,北京市,tencent:19M11:50100004|6223446448650750190,老凤祥,136.92,
,116.6507,40.13038,老凤祥(鑫海韵通百货),府前西街1号鑫海韵通百货F2层,,,,,北京市,amap:19M11:50100004|B0FFI4HKQF,老凤祥,9710.4,
,116.6239,40.31558,老凤祥(青春万达广场店),青春路怀柔青春万达广场1层,,,010--69624408,侯莉莉,北京市,dianping:19M11:50100004|102489781,老凤祥,206.03,010--69624408
,116.6257,40.31437,老凤祥(新悦百货店),府前街14号京北大世界2楼,,,未找到,侯莉莉,北京市,dianping:19M11:50100004|56634705,老凤祥,485.66,
,116.63,40.31613,老凤祥(怀柔青春万达广场),青春路怀柔青春万达广场F1层,,,,,北京市,amap:19M11:50100004|B0FFIPPS03,老凤祥,179.9,
,116.6316,40.31547,老凤祥(怀柔青春万达广场),北京市怀柔区府前街14号京北大世界2F,010-61615115,,,,北京市,tencent:19M11:50100004|16526533042911526095,老凤祥,0.61,电话：010-61615115
,116.6316,40.31548,老凤祥(新悦百货店),府前街14号京北大世界F2层,,,,,北京市,amap:19M11:50100004|B0FFG8G5PR,老凤祥,1278.74,
,116.6264,40.33833,老凤祥,青春路11号,,,,侯莉莉,北京市,dianping:19M11:50100004|102549805,老凤祥,22503.6,010--69624408
,116.8284,40.3533,老凤祥(万象汇店),密云华润万象汇一层,,,,侯莉莉,北京市,dianping:19M11:50100004|102268404,老凤祥,674.33,
,116.8345,40.35443,老凤祥银楼,北京市密云区滨河路与水源路交叉口北京密云万象汇F1,,,,,北京市,tencent:19M11:50100004|6800459284189560384,老凤祥,2.7,
,116.8345,40.35448,老凤祥(万象汇店),经济开发区密云华润万象汇一层,,,,,北京市,amap:19M11:50100004|B0FFIYVJ7F,老凤祥,126.35,
,116.8352,40.35637,老凤祥(万象汇店),北京市密云区经济开发区密云华润万象汇一层,,,,,北京市,tencent:19M11:50100004|8284446127973830416,老凤祥,1196.77,
,116.8422,40.37452,老凤祥(鑫海韵通百货密云店),鼓楼东大街22号鑫海韵通百货1层,,,未找到,侯莉莉,北京市,dianping:19M11:50100004|107211158,老凤祥,452.92,
,116.8462,40.37326,老凤祥银楼(国泰百货店),北京市密云区鼓楼南大街16号国泰百货(密云店)F2,,,,,北京市,tencent:19M11:50100004|2155064480654327955,老凤祥,238.42,
,116.8482,40.37525,老凤祥(鑫海韵通百货密云店),北京市密云区鼓楼东大街22号鑫海韵通百货(密云店)F1,,,,,北京市,tencent:19M11:50100004|7844669414462223418,老凤祥,29785.69,
,117.0937,40.14072,老凤祥,新平西路甲4号,,,,侯莉莉,北京市,dianping:19M11:50100004|69542973,老凤祥,710.46,4000908610-272761
,117.0876,40.14482,老凤祥(平谷华联店),迎宾街1号院22号楼平谷华联F1,,,010--56866653,侯莉莉,北京市,dianping:19M11:50100004|70107226,老凤祥,1291.86,010--56866653
,117.0991,40.14102,老凤祥,府前西街17号,,,,侯莉莉,北京市,amap:19M11:50100004|B0FFHD4ODC,老凤祥,144.27,
,117.1002,40.14215,老凤祥,北京市平谷区新平西路甲4号,,,,,北京市,tencent:19M11:50100004|8425028646938850042,老凤祥,710.86,
,117.0941,40.14626,老凤祥(BHG Mall北京华联平谷购物中心店),迎宾街1号院22号楼BHG Mall北京华联平谷购物中心F1层,,,,,北京市,amap:19M11:50100004|B0FFH2V4MX,老凤祥,55.61,
,117.0944,40.14712,老凤祥,北京市平谷区迎宾环岛西北侧北京华联购物中心(平谷店)F1,,,,,北京市,tencent:19M11:50100004|3382739980478538528,老凤祥,1832.33,
,117.1107,40.14173,老凤祥,北京市平谷区文化北街7号和美购物广场F1,,,,侯莉莉,北京市,tencent:19M11:50100004|11761293027138873924,老凤祥,5.01,
,117.1108,40.14173,老凤祥(国泰店),文化北街13号国泰百货北区F1层,,,,,北京市,amap:19M11:50100004|B0FFF63MKJ,老凤祥,,
